제목,내용,작성일자,답변,답변일자,담당부서
시장님 밀목아이들을위한시청놀이터좀제발만들어주세요,"학교끈나고 어린이집끈나고 흔한놀이터하나가없습니다
시청광장에가도 할게없어 걷다가만내려오구요
평일은만차로 씽씽이도탈수가없습니다.
시청물놀이장있을땐 아주잘활용하던공간이라도
미끄럼틀하나 시소하나라도 제발 놀이터좀만들어주세요
밀목친구들이만날곳이없고
남의아파트로 놀이터를빌리러 다닙니다....",2023-04-17,"1. 안녕하십니까? 귀하께서 국민신문고에 신청하신 민원(신청번호 1AA-2304-0569689)에 대해 아래와 같이 알려드립니다.
2. 귀하의 민원내용은 “시청사 내 어린이놀이시설 설치 요청”에 관한 것으로 이해됩니다.
3. 먼저, 신청번호 1AA-2207-0886346호와 관련 기 답변드린 바와 같이 시청사 내 별도의 어린이 전용놀이시설 설치계획이 없음을 널리 양지하여 주시기 바랍니다.
4. 다만, 광주시 시청사 내에는 운동기구, 쉼터를 포함한 산책로가 상시 개방되어 있고, 바닥분수도 운영할 예정으로 이용에 참고하여 주시기 바라며(바닥분수 운영 개시 전 홈페이지 홍보 예정), 청사 이용관련 문의사항이 있는 경우 광주시 회계과 정병민 주무관(☏031-760-2987)에게 연락주시면 친절히 안내해 드리도록 하겠습니다. 감사합니다. 끝.
",2023-04-26,회계과
태전동 및 광주시 대중교통활성화,"안녕하세요
태전동에서 판교나 서울로 가는 버스 배차간격 좀 좁혀주시고 광역버스좀 늘려주세요
입석금지라 출퇴근시간에는 못타는 경우도 더러 있구요ㅜㅜ
그리고 배차간격이 너무 길어요.., 또
경기광주역에서 태전동 들어오는 다른 버스들도 배차간격이 너무깁니다...
도로문제 교통체증문제는 안고 가더라도
제발 버스 좀 활성화시켜주세요
차가 없어도 버스가 자주 많이 다닌다면 좀 나을거같은데 부탁드려요
제발ㅜㅜ 제발 제발...",2023-04-16,"1. 귀하의 가정에 행복이 가득하길 기원드립니다.

2. 귀하께서 국민신문고에 신청하신 민원(1AA-2304-0543397)에 대한 검토 결과를 다음과 같이 알려드립니다.

? 민원내용 : 태전동 경유 버스노선 배차간격 단축
? 회신내용
- 답변에 앞서 버스 이용에 불편을 드린 점 넓은 마음으로 양해 부탁드리겠습니다.
- 귀하께서 건의하신 태전동~판교, 서울시, 경강선(경기광주역) 구간을 운행하는 버스노선의 배차간격 단축 및 증차와 관련하여 운수종사자 확보가 선행되어야 하나, 임금불만 및 열악한 근무환경 등을 사유로 운수종사자 확보에 어려움이 있어 광주시 관내 버스노선의 배차간격 단축 및 증차 등이 지연되고 있는 상황입니다.
- 이에, 경기도와 한국교통안전공단, 운수업체가 협약을 맺어 버스운전자 양성사업을 추진 중에 있으며, 우리 시에서도 빠른 운행 정상화를 위하여 관내 운송업체와 적극 협의하여 버스 이용환경이 개선될 수 있도록 최선을 다하겠습니다.
- 다시 한번 버스 이용에 불편을 끼쳐 송구스럽게 생각하며, 해당 지역의 대중교통 이용편익 증진을 위해 노력하겠으니 넓은 마음으로 양해 부탁드리겠습니다.

3. 귀하의 민원 내용에 만족스러운 답변이 되었기를 바라며, 답변 내용에 대한 추가 설명이 필요한 경우 광주시 교통과 이기준 주무관(☎031-760-8782)에게 연락주시면 친절히 안내해 드리도록 하겠습니다. 감사합니다. 끝.
",2023-05-01,교통과
골목길 보수공사 요청드립니다,"쌍령동183-1번지 빌라에 살고있는 주민입니다
집으로 올라가는 길이 비가오고 이래서 바닥이 많이 파여있습니다.
오토바이나 자동차랑 사람이 돌아다닐때 많은 위험이 있을거라고 예상됩니다
꼭 보수공사 요청드립니다",2023-04-16,"1. 우리 시 시정발전에 많은 관심과 애정을 가져 주신 데 대하여 깊은 감사의 말씀을 드립니다.
2. 귀하께서 국민신문고를 통해 신청하신 민원(1AA-2304-0530702) 사항은 ""쌍령동183-1번지 일원 도로보수 요청""에 관한 것으로 이해되오며 귀하의 민원 사항에 대하여 다음과 같이 답변드립니다.
- 소규모 공공시설(공공용 도로)의 소규모 파손의 경우 주민편의를 위하여 보수중에 있으나 기존 다수의 보수물량이 누적되어 있어 순차적으로 보수하고 있음을 알려드리오니 이점 널리 양해하여 주시기 바랍니다.
3. 귀하의 민원에 만족스러운 답변을 드리지 못한 점 양해 부탁드리며, 답변 내용에 대한 추가 설명이 필요한 경우 광주시 지역개발과 개발행정팀 고승태 주무관(☎031-760-4746)에게 연락주시면 안내해 드리도록 하겠습니다. 감사합니다. 끝.
",2023-04-25,지역개발과
작년 목현동 수재로인한 도로붕괴 고쳐주세요,"안녕하세요 목현동에 작년 수재로 인해 길 아스팔트가 유실되었었습니다.

이전에는 안전띠같은게 쳐져있어서 금방 고쳐주실 줄 알았는데, 아직 그대로예요.

최근 분당에서 다리붕괴 등의 사고가 발생하고 있고, 비가 많이오는 장마철이 다가오면서 부서진곳이 더 부서질까 무서워요.

장마전까지 수리될지 문의드립니다.",2023-04-16,"1. 귀하의 가정에 행복이 가득하시길 기원합니다.

2. 귀하께서 국민신문고를 통하여 제기하신 민원 내용 중 지역개발과 소관 사항인 번천 일원 수해 복구 요청하신 민원에 대하여 다음과 같이 회신합니다.
□ 회신내용
가. 목현동 390번지 일원 수해복구와 관련하여, 불편을 드린 점 죄송하다는 말씀을 드리며, 지난 8월 8일 이후 광주시에 내린 폭우로 인하여 광주시 관내 하천 및 도로의 유실 및 파손 등 공공시설의 피해가 극심한 실정입니다.
나. 우선, 하천 제방 유실로 인하여 교량안전시설물(교량난간)이 유실 된 사항이며, [목현천(2공구) 재해복구사업]은 2023.03.27. 착공하였으나, 관급자재(레미콘 등)의 수급이 불안하여 2023.04.14. 공사가 일시정지 되었습니다.
다. 최근 관급자재(레미콘 등)의 수급 일정이 확정되어 2023.05.16.경 공사를 재착공 할 예정으로, 금년도 우기전(6월 이내)까지 유실 된 제방 및 교량안전시설물(교량난간) 등 복구공사를 완료할 예정으로, 이점 널리 양해하여 주시기 바랍니다.

3. 귀하의 질문에 만족스러운 답변이 이루어졌기를 바라며, 답변 내용에 대한 추가 설명이 필요한 경우 광주시 지역개발과(☏031-760-2564)로 연락해주시면 자세히 안내해 드리도록 하겠습니다. 끝.
",2023-04-28,지역개발과
경기도 광주시 직동 102-20 부근에 건축 예정인 대광아스콘(레미콘) 공장 관련 질문입니다.,청렴하고 일잘하는 경기도 광주시청 건축과에서 뒷돈을 받고 친히 허가를 내준 대광아스콘(레미콘) 공장에 대한 행정소송 절차 결과에 대해 궁금해서 문의드립니다. 이번에도 광주시에 수준 높은 행정력으로 인해 반려를 못하고 들어오는겁니까?,2023-04-15,"민원인께서 민원을 취하하셨습니다.
",2023-04-18,건축과
반사경 수리 요망,"안녕하세요. 항상 시장님 이하 공무원 여러분께 감사드리고 있습니다.
다름 아니오라 삼동우남퍼스트빌아파트(경기도 광주시 고불로 453) 후문 경비실쪽 도로에 반사경이 찌그러져 있습니다.
반사경 수리를 요청 드립니다.
좋은 하루 되세요.",2023-04-14,"1. 안녕하십니까? 귀하께서 국민신문고에 신청하신 민원(신청번호 1AA-2304-0476089)에 대한 검토 결과를 다음과 같이 알려드립니다.

2. 귀하의 민원 내용은 ""삼동우남퍼스트빌아파트 후문 인근 반사경 보수 요청""에 관한 것으로 판단되며, 귀하의 질의사항에 대하여 검토한 의견은 다음과 같습니다.
가. 해당 파손된 반사경에 대하여 현장 확인 후 철거 조치할 예정입니다.
나. 아울러, 자재 확보 후 신속히 조치하여 안전하고 편리한 도로환경을 조성토록 지속 노력하겠습니다.
다만, 자재 수급 등의 어려움으로 인하여 보수 일정이 지연될 수 있음을 알려드리오니 이점 양해하여 주시기 바랍니다.

3. 귀하의 문의에 대하여 만족스러운 답변이 되었기를 바라며, 그 밖의 궁금하신 사항은 광주시청 도로관리과 시설정비팀 이상규(☎031-760-4149)연락주시면 성심성의껏 답변 드리겠습니다. 끝.
",2023-04-24,도로관리과
도로파손 복구건,"초월읍 무갑길124번길 무갑사 입구의 도로가 2022년 7월 폭우로 인하여 파손이 심하게 되었습니다.
주민들과 출퇴근하는 모든 이들의 불편이 이루 말할 수 없습니다.
또한 밤 운전 중에 위험율도 높고 미관상 보기에도 않좋고 항상 불안합니다.
오랜시일이 지났는데 언제 복구 작업이 이루어지는지 답답함에 민원을 제기합니다.
빠른 시일 안에 선처를 바랍니다.",2023-04-13,"1. 안녕하십니까? 귀하께서 신청하신 민원(신청번호 1AA-2304-0433982)에 대한 검토 결과를 다음과 같이 알려드립니다.

2. 귀하의 민원내용은 ""초월읍 무갑리 853-21번지 일원 신속한 수해복구 요청""에 관한 것으로 판단됩니다.

3. 현재 초월읍 무갑리 853-21번지 일원 수해복구공사는 시공사가 선정되어 공사준비 단계(측량, 관급자재 제작 등)에 있으며, 최근 레미콘 및 철근 수급 불안으로 인하여 관급자재를 제작함에 있어 다소 일정이 지연되고 있는 실정이나, 관급자재 조달 등 공사준비가 끝나는 대로 조속한 시일 내에 수해복구공사를 추진토록 하겠습니다.

4. 귀하의 민원내용에 만족스러운 답변이 되었기를 바라며, 답변 내용에 대한 추가 설명이 필요한 경우 도로관리과 도로보수팀 정동현 주무관(☏031-760-4496)으로 연락주시면 친절히 안내해 드리도록 하겠습니다. 감사합니다. 끝.
",2023-04-19,도로관리과
수해 피해 도로 복구 요청건,"시민들을 위해 노력하시는 많은 공무원분들께 노고에 감사를 드립니다.

민원내용
주소: 광주시 초월읍 진새골길 171-7번지 일원
상황:
1. 상기 주소의 도로는 22년 장마로 인해 유실된 도로로써 23년 3월 경 상기 도로 인근의 도로는 보수가 진행되었음에도 불구하고 현 도로는 보수가 차일 피일 미뤄지고 있는 상황임.
2. 현 도로는 LBOT 기독혁신학교 학생들의 등하교 길, 주말 아이들 출퇴근을 위한 차량 통행 및 등산객들이 이용하는 도로이나, 도로 상태 불량으로 인해 차량의 파손 및 보행시 부상의 우려가 매우 놓은 도로입니다.
3. 또한 23년 장마가 몇 달있으면 시작될시 많은 파손이 예상되는 바 조속한 보수를 부탁드립니다.

민원요청내용
1. 도로 보수 요망
2. 배수시설 미비에 대한 횡단 배수로 설치요망(첨부사진 4번참조)

첨부파일설명
1~2번 사진 : 21.년 8월 위성사진
3~5번 사진 : 23.04.8일 촬영 사진",2023-04-13,"1. 귀하께서 신청(신청번호 1AA-2304-0418019)하신 ""대쌍령리 445-59번지 일원 도로 보수"" 요청 민원에 대하여는 다음과 같이 답변드립니다.
- 본 사안에 대하여는 현장 확인 및 귀하께서 송부해 주신 사진 자료 등을 참고하여 보수공사를 실시 할 예정임을 알려드리오니, 이점 양지하여 주시기 바랍니다.

2. 귀하의 민원내용에 만족스러운 답변이 되었기를 바라며, 답변 내용에 대한 추가 설명이 필요한 경우 초월읍 개발팀 김기환주무관(☏031-760-2542)으로 연락주시면 친절히 안내해 드리도록 하겠습니다. 감사합니다. 끝.
",2023-04-21,초월읍
동별 대표자 등의 선출공고,"안녕하세요.쌍령현대1차아파트 관리소장입니다.주택정책과에 문의드립니다
질의내용은 제12대 동별대표자 선출공고를하여 6개 선거구에서 5명을 선발하여 공고(23년 4월 6일)하였습니다.
미선발된 104동 중임한 주민이 14일 이내에 추가공고를 하지않으면 민원을 제기하겠다고 합니다
따라서 정기선출공고는 1,2차 지원자가 없으면 3차까지하여 중임자도 다시 동별 대표자로 선출될수 있으나 과반수 찬성이 미달되어 낙선될 경우
14일 이내에 추가 선출공고를 하여야 한다고 관리규약 제22조(동별 대표자 등의 선출공고) 3항에 아래와 같이 명시되어 있습니다
*공동주택 관리규약 제22조(동별 대표자 등의 선출공고)
3항 선거관리위원회는 동별 대표자를 선출하지 못하여 공석이 발생한 선거구에 대해서는 공석이 발생한 날로부터 14일 이내에 추가 선출공고를
하여야한다.다만 추가 선출공고에도 동별대표자가 선출되지 않을 경우 추가 궐위 발생 등 선출 사유가 발생할 때까지 선출공고를 하지 않을 수 있다
따라서 정기선출공고가 아닌 추가선출공고는 1차만 해도 된다고 답변을 들었습니다.(23년 4월11일 오후 5시경 주택 정책과 주무관님 김서영 답변)
낙선된 민원인에게 추가선출 공고를 1차만 해도 된다는 내용을 정리해서 답변해 주시기를 부탁드립니다
감사합니다",2023-04-12,"1. 안녕하십니까? 귀하께서 국민신문고를 통해 신청하신 민원(1AA-2304-0391167)에 대한 검토 결과를 다음과 같이 알려드립니다.
2. 귀하의 민원 내용은 ""동별대표자 공석이 발생한 경우 추가 선출공고 횟수 문의""로 판단됩니다.
3. 귀하의 민원사항에 대한 의견은 다음과 같습니다.
- 동별대표자를 선출하지 못하여 공석이 발생한 선거구에 대한 추가 선출공고에 관한 사항은 공동주택관리법령에 규정된 바 없으며,
- 「경기도 공동주택 관리규약 준칙」 제22조제3항에서 추가 선출공고에 대한 사항을 규정하고 있으나, 그 횟수에 대하여는 정하는 바가 없습니다.
- 공동주택의 관리규약은 각 단지 사정에 따라 준칙과 다르게 정할 수 있으므로 귀 단지 관리규약에 추가 선출공고 횟수가 정하여 있으면 그에 따르시기 바라며, 별도 횟수를 정하고 있지 않은 경우 귀 단지 내부 사정에 따라 합리적으로 결정하시기 바랍니다.
4. 추가로 궁금하신 사항이 있으신 경우 광주시청 주택과 공동주택관리팀(031-760-8748)으로 연락주시면 안내해 드리겠습니다. 끝
",2023-04-18,주택과
양벌동 지나가는 아침 버스 배차 해결,"안녕하세요,
아침에 출근을 위해 경기 광주역으로 가야 하는 직장인입니다.
8시 22분 지하철을 타기 위해서 7시 50분에 집에서 나와 버스를 기다려도
버스에 태운 사람이 워낙 많아서 정류장에 서지 않고 그냥 갑니다
지하철 시간을 조정했으면 그에 맞는 버스도 조정해 주시기 바랍니다

아침마다 버스를 4대 이상 보내는 건 기본입니다. 출퇴근 시간 버스 조정 부탁드립니다.",2023-04-12,"1. 귀하의 가정에 행복이 가득하길 기원드립니다.

2. 귀하께서 국민신문고에 신청하신 민원(1AA-2304-0390103)에 대한 검토 결과를 다음과 같이 알려드립니다.

○ 민원내용: 양벌동 경유 노선버스 배차간격 단축(2-1번, 17-1번, 17-1A번, 17-3번, 광주1번)
○ 회신내용
- 답변에 앞서 버스 이용에 불편을 드린 점 넓은 마음으로 양해 부탁드리겠습니다.
- 귀하께서 말씀하신 양벌동(한솔유치원 정류소)에서 경강선(경기광주역) 구간을 운행하는 버스노선의 배차간격 단축과 관련해서 해당 구간을 운행하는 버스노선은 2-1번 외 4개 노선이 있으며,
- 해당 노선의 배차간격을 단축하기 위해서는 운수종사자 확보가 선행되어야 하나, 임금불만 및 열악한 근무환경 등을 사유로 운수종사자 확보에 어려움이 있어 광주시 관내 버스노선의 증차 및 노선 신설 등이 지연되고 있는 상황입니다.
- 이에, 경기도와 한국교통안전공단, 운수업체가 협약을 맺어 버스운전자 양성사업을 추진 중에 있으며, 우리 시에서도 빠른 운행 정상화를 위하여 관내 운송업체와 적극 협의하여 버스 이용환경이 개선될 수 있도록 최선을 다하겠습니다.
- 다시 한번 버스 이용에 불편을 끼쳐 송구스럽게 생각하며, 해당지역의 대중교통 이용편익 증진을 위해 노력하겠으니 넓은 마음으로 양해 부탁드리겠습니다.

3. 귀하의 민원내용에 만족스러운 답변이 되었기를 바라며, 답변 내용에 대한 추가 설명이 필요한 경우 광주시 교통과 이기준 주무관(☎031-760-8782)에게 연락주시면 친절히 안내해 드리도록 하겠습니다. 감사합니다. 끝.
",2023-04-27,교통과
직동 내리막길에서(우남아파트로 가는 성남방향) 우남아파트로 들어가는 입구 도로 토사 제거 요청 및 배수로 신설 등 요청,"안녕하세요 . 항상 시장님 이하 공무원 여러분께 감사드리고 있습니다.

작년 8월 상당한 폭우가 내려 직동 내리막길(성남방향(우남아파트방향))에서 토사가 휩쓸려와 우남아파트 및 포레힐스빌라로 들어가는 입구에
많은 양의 토사가 있습니다.
토사 제거 요청을 드리며 직동 내리막길에서 우남아파트 후문 쪽 및 포레힐스로 많은 비가 유입되는데 많은 비가
유입되지 않도록 배수로 신설등 방법을 강구해 주시기 바랍니다. 우남아파트 후문 쪽 및 포레힐스가 직동 내리막길보다 지대가 낮아 비피해로 인한
피해가 큽니다.
작년과 같은 기상이변이 있을 수 있사오니 조속한 조치를 부탁드립니다.",2023-04-11,"1. 안녕하십니까? 귀하께서 신청하신 민원(신청번호1AA-2304-0352215)에 대한 검토 결과를 다음과 같이 알려드립니다.

2. 귀하의 민원내용은 ""삼동 249-17번지 일원 배수로 준설 요청""에 관한 것으로 판단됩니다.

3. 우선 귀하께서 제보하여 주신 삼동 249-17번지 일원으로 판단되며 현장확인 완료하였습니다. 유입된 토사 제거와 막힌 배수로 준설을 할 예정이며, 조속한 시일 내에 처리토록 하겠습니다.

4. 귀하의 민원내용에 만족스러운 답변이 되었기를 바라며, 답변 내용에 대한 추가 설명이 필요한 경우 도로관리과 원민영(☏031-760-4148)에 연락주시면 친절히 안내해 드리도록 하겠습니다. 감사합니다. 끝.
",2023-04-28,도로관리과
"배수로 쓰레기 제거 및 훼손된 배수로 교체 요청 및 외곽 인도 낙엽 , 쓰레기, 토사 제거 요청","안녕하세요. 항상 시장님 이하 공무원 여러분의 노고에 감사드리고 있습니다.
다름 아니오라 삼동우남퍼스트빌아파트(경기도 광주시 고불로 453) 후문 경비실에서 수정빌라를 걸쳐 우남아파트 정문 입구까지
배수로가 토사 및 낙엽으로 막혀 있어 제기능을 못하고 있습니다. 배수로 청소를 요청드리며 우남아파트 후문 경비실 앞에 있는
배수로는 찌그러져 있고 비양에 비해 배수로 크기가 작아 비만 오면 항상 배수로가 막혀 물이 흥건합니다. 배수로를 더 큰 것으로 교체를 드립니다.

또한 우남아파트 외곽에 인도 및 도로에 각종 쓰레기 및 낙엽들로 인하여 보행에 불편이 있사오니 쓰레기 처리도 부탁드립니다.

작년 같은 기상이상으로 폭우가 올시 상당한 피해가 예상되오니 조속한 처리를 부탁드립니다.

좋은 하루 되세요.",2023-04-11,"1. 안녕하십니까? 귀하께서 국민신문고에 신청하신 민원(신청번호1AA-2304-0350332)에 대한 검토 결과를 다음과 같이 알려드립니다.
2. 귀하의 민원 내용은 “고불로 453 일원 배수로 준설 및 쓰레기 제거 요청“에 관한 것으로 판단됩니다.
3. 귀하의 질의 사항에 대해 검토한 의견은 다음과 같습니다.
- 귀하께서 요청한 고불로 453 일원 배수로 준설 요청에 관련하여 4.20(목) 조치 완료하였음을 알려드립니다.
- 또한 쓰레기, 낙엽 준설과 관련하여 해당 동에서 진행할 예정임을 알려드립니다.
4. 귀하의 질문에 만족스러운 답변이 되었기를 바라며, 답변 내용에 대한 추가 설명이 필요한 경우 도로관리과 도로관리팀(☎760-4867)으로 연락주시면 성심껏 안내해 드리겠습니다. 감사합니다. 끝.
",2023-04-21,도로관리과
1AA-2303-0081055,민원접수하고 아직 미해결인데 해결로 처리하셨네요?,2023-04-11,"1. 안녕하십니까? 귀하께서 국민신문고에 신청하신 민원(1AA-2304-0348814)에 대한 검토 결과를 다음과 같이 알려드립니다.
2. 귀하의 민원내용은 거주지 인근 닭 사육으로 인한 소음문제 해소 요청으로 이해됩니다.
3. 귀하의 민원사항에 대하여 다음과 같이 답변드립니다.
○ 국민신문고 및 유선 상 재 안내드린 바와 같이 고산동 424번지 가축소유주에게 민원사항이 최소화 될 수 있도록 가축사육 규모 축소 또는 사육중단을 공문 발송 하였음을 알려드립니다.
4. 귀하의 민원에 만족스러운 답변이 되었기를 바라며, 답변 내용에 대한 추가 설명이 필요한 경우 광주시 농업기술센터 농업정책과 축산정책팀(031-760-4591)으로 연락 주시면 친절히 안내해 드리도록 하겠습니다. 감사합니다.
",2023-04-19,농업정책과
매장에서 일회용 사용을 금지해주세요,"식당에서 컵과 물통을 일회용품으로 사용하고 있는데가 많습니다 물수건도요
물수건은 미세프라스틱입니다
물통은 작은 생수병을 주면서도 종이컵도 함께 줍니다 코로나로 일회용품이 만연화 되었지만 이제 일상회복을 해야 합니다 코로나가 걱정이라면 컵을 소독해야지 일회용품으로 대체하며 쓰레기만 양상해서는 안됩니다 지금을 사는 우리는 선조님들의 은혜로 살고 있으므로 미래 후손들에 대한 책임도 가져야합니다 까페, 식당에서 일회용품 사용을 금지하고 일체단속을 해주세요
또한 마켓에서의 스치로폼의 남용도 심각합니다
한번 쓰고 버리게 되는 너무나 깨끗한 스티로폼들의 남용... 마트에서 스치로폼을 수거하게 한다든지 벌금을 물린다든지 해서 쓰레기가 안나오게 해주세요
이 시대를 살아가는 우리들의 숙제는 일회용품의 남용이라 생각합니다",2023-04-11,"1. 광주시 자원순환 행정에 깊은 관심을 가져주셔서 감사합니다.

2. 귀하께서 국민신문고를 통해 신청하신 민원(신청번호 : 1AA-2304-0335165) 내용은 ""1회용품 사용 규제업소에 대한 1회용품 사용 단속요청""에 대한 것으로 판단되며, 아래와 같이 답변 드립니다.

3. 「자원의 절약과 재활용촉진에 관한 법률」및 「1회용품 사용줄이기 제도(환경부)」에 따라 관내 1회용품 사용 규제업소에 대한 지도·점검을 실시하고 있으며, 지도·점검 확대 시행을 통해 위반업소에 대한 과태료 부과 및 1회용품 사용 시정조치 등을 보다 적극적으로 실시하도록 하겠습니다.

※ 규제업소별 세부 규제내용은 공문 본문 참조

4. 귀하의 질문에 만족스러운 답변이 되었기를 바라며, 답변 내용에 추가 설명이 필요한 경우, 광주시 자원순환과 주무관 김민선(☏031-760-4544)로 연락주시기 바랍니다.

붙임 민원신청서 1부. 끝.
",2023-04-18,자원순환과
포스코건설에서 도로 일부를 점유하고 도로통행을 막았습니다,"안녕 하세요.
오포로909번길32-7에 위치한 금호베스트빌 아파트 거주자입니다.
아파트 후문으로 이용했던 도로가 최근 막혔습니다. 구역펜스를 최근 설치한 것으로 보입니다.
해당 도로는 기존 차량도 이용하던 아스팔트 포장도로였는데 최근 그곳을 펜스를 치고 막아 놨습니다.
현재 Naver 지도로는 광주시 고산동 375-2로 표기 됩니다. 아무런 표식도 없기 때문에 소유주가 막아 놓은 것처럼 보입니다만, 기존 도로를 개인이 소유하고 막을 수 있습니까?
현재 도로 통행을 막은 것이 적법한 절차인지 궁금 합니다.
아무런 표식이 없어 소유주가 누구인지는 모르겠으나 공사부지 안쪽에 있는 컨테이너박스에는 포스코건설이라고 표기가 되어 있어 일단 제목은 포스코건설이라고 적었습니다.
첨부한 사진 중 붉은 붓으로 표시한 부분입니다.
불법 점거하고 있는 것이 맞다면 빠른 시일 안에 도로를 이용할 수 있었으면 좋겠습니다.",2023-04-09,"1. 안녕하십니까? 귀하께서 국민신문고에 신청하신 민원(신청번호 : 1AA-2304-0277642)[고산1지구 내 통행관련]건에 대하여 아래와 같이 답변드립니다.

○ 민원 접수하신 구간은 ㈜포스코이앤씨에서 「국토의 계획 및 이용에 관한 법률」 제88조에 따라 실시계획인가를 득하여 시행한 [고산1지구 도시계획도로(중로1-17호선 외 18개 노선) 개설공사] 구간으로,
○ 사업구간 내 통행불편 건에 대하여 해당 사업시행자에게 통보하였음을 알려드리며, 처리 가능한 사항에 대하여 처리 예정이오니 다소 불편하시더라도 널리 양해하여 주시기 바랍니다.

2. 귀하의 민원에 충분한 답변이 되었기를 바라며, 기타 문의사항은 도시민원과 도시행정팀(☎031-760-4587)으로 전화주시면 친절히 답변드리겠습니다. 감사합니다. 끝.
",2023-04-27,도시민원과
"태전 경남아너스빌 정문 불법현수막, 조치 바랍니다","태전 경남아너스빌 정문, 2차 예정부지 펜스가 불법현수막, 전단지로 청정 광주시 이미지를 떨어뜨리고 있습니다. 1개의 현수막이 2개로 되었고, 단속을 안하면 계속 늘어날겁니다. 펜스를 친 경남기업에서 관리를 하면 좋으련만, 기대도 안 합니다. 주변 쓰레기도 관리 안하는데. 부탁합니다. 건설업체에서 펜스관리를 할수 있게하든지, 아니면 광주시에서 지속적으로 불법현수막 제거하시든지 조치 바랍니다. 불법현수막중 광주시 곳곳에 특정 노인 요양관련 현수막 널려 있습니다. 뿌리 뽑기를 바랍니다",2023-04-09,"1. 안녕하십니까? 귀하께서 국민신문고에 신청하신 민원에 대한 검토 결과를 다음과 같이 알려드립니다.

2. 귀하의 민원내용은 ""광고물 정비 요청""에 관한 것으로 이해됩니다.

3. 귀하의 민원사항에 대해 검토한 의견은 다음과 같습니다.
- 귀하께서 말씀하신 장지동 318-1번지 일원 광고물 정비 요청에 대하여 확인 결과 「옥외광고물 등의 관리 및 옥외광고산업 진흥에 관한 법률」제3조에 따른 허가 또는 신고를 득하지 아니한 광고물로서, 정비 조치하였음을 알려드립니다.

귀하의 민원사항에 만족스러운 답변이 되었기를 바라며, 답변내용에 대한 추가설명이 필요한 경우 광주시 주택과 경관디자인팀(☎031-760-8674)으로 연락하여 주시면 친절히 안내해 드리도록 하겠습니다. 끝.
",2023-04-10,주택과
"태전동 경남아너스빌 정문, 불법현수막 조치 바랍니다","불법 현수막은 청정 광주시 도시 미관을 해치는 요인중에 하나라고 봅니다. 곳곳에 널려 있는 현수막 제거해 주시는 노고, 느끼고 있습니다. 앞으로도 불법 현숭삭에 대해서는 단호한 조치 부탁 드리며, 경남아너스빌 정문앞, 경남아너스빌 2차부지 펜스에는 불법 현수막 겨속 붙어 있습니다. 처음에는 1개였는데, 지금은 2개입니다. 앞으로도 단속을 안하면 2차부지 펜스는 불법 현수막, 전단지로 덮힐 겁니다. 건설업체에서 관리하면 좋으련만, 광주시에서 조치 바랍니다. 감사합니다",2023-04-09,"1. 안녕하십니까? 귀하께서 국민신문고에 신청하신 민원에 대한 검토 결과를 다음과 같이 알려드립니다.

2. 귀하의 민원내용은 ""광고물 정비 요청""에 관한 것으로 이해됩니다.

3. 귀하의 민원사항에 대해 검토한 의견은 다음과 같습니다.
- 귀하께서 말씀하신 장지동 318-1번지 일원 광고물 정비 요청에 대하여 확인 결과 「옥외광고물 등의 관리 및 옥외광고산업 진흥에 관한 법률」제3조에 따른 허가 또는 신고를 득하지 아니한 광고물로서, 정비 조치하였음을 알려드립니다.

귀하의 민원사항에 만족스러운 답변이 되었기를 바라며, 답변내용에 대한 추가설명이 필요한 경우 광주시 주택과 경관디자인팀(☎031-760-8674)으로 연락하여 주시면 친절히 안내해 드리도록 하겠습니다. 끝.
",2023-04-10,주택과
"오포1동 고산동 포스코 센트포레 주변에 조성한 신 도로 가로수 및 고산1 , 2공원 나무 죽은 것 교체 해 주세요.","쾌적한 도시 환경 조성을 위해 노력하시는 귀하의 노고에 감사드립니다.
다름이 아니옵고 포스코 건설에서 조성한 오포1동 고산1택지 신도로 가로수 , 고산 1 공원, 2 공원 및 고산하늘초등학교 정문옆에 심은 나무들이 죽은 나무들이 너무 많아 학생들의 정서 발달과 도시 미관에 눈살을 찌푸리게 합니다. 신도시 답게 초록 빛으로 물들고 봄 꽃이 만발해야 할 도로가 단풍잎으로 물들어 죽은 옛 도시 같고 삭막합니다. 죽은 나무를 빨리 교체해 생기 넘치는 도시로 만들어 주세요.


별 첨 1. 도로 위치도 1부.
2. 죽은 나무 사진 3부",2023-04-08,"1. 안녕하십니까? 귀하께서 국민신문고에 신청하신 민원(신청번호 : 1AA-2304-0261306)[고산1지구 내 수목 관련]건에 대하여 아래와 같이 답변드립니다.

○ 민원 접수하신 구간은 ㈜포스코이앤씨에서 「국토의 계획 및 이용에 관한 법률」 제88조에 따라 실시계획인가를 득하여 시행한 [고산1지구 도시계획도로(중로1-17호선 외 18개 노선) 개설공사] 구간으로,
○ 사업구간 내 수목 식재 요청 건에 대하여 해당 사업시행자에게 통보하였음을 알려드리며, 처리 가능한 사항에 대하여 처리 예정이오니 다소 불편하시더라도 널리 양해하여 주시기 바랍니다.

2. 귀하의 민원에 충분한 답변이 되었기를 바라며, 기타 문의사항은 도시민원과 도시행정팀(☎031-760-4587)으로 전화주시면 친절히 답변드리겠습니다. 감사합니다. 끝.
",2023-04-27,도시민원과
쓰러진 나무 다시 올바르게 심어주세요,"오포1동 고산동 GS건설 오포 자이 디오브 공사로 고산2동 일대에 임시 개설되었던 도로를 복구하먼서 심어 놓은 나무가 4월4일 내린 비로 인하여 쓰러져 있습니다. 쓰러진 나무가 바르게 살 수 있도록 세워주세오.

첨부
(1) 위치 사진 1부
(2) 쓰러진 사진 1부",2023-04-08,"1. 안녕하십니까? 귀하께서 국민신문고에 신청하신 민원(신청번호 : 1AA-2304-0251798)[고산동 산70-2번지 일원 임시도로 복구지 내 쓰러진 나무 보수 요청]건에 대하여 아래와 같이 답변드립니다.

[도시민원과]
- 중로3-302호선 구간은 ㈜정앤정펌에서 「국토의 계획 및 이용에 관한 법률」 제88조에 따라 실시계획인가를 득하여 시행 중인 [고산3지구 도시계획도로(중로3-302호선) 개설공사] 구간이며, 임시도로 복구 관련 건에 대하여 해당 사업시행자에게 통보하였음을 알려드리며, 처리 가능한 사항에 대하여 처리 예정이오니 다소 불편하시더라도 널리 양해하여 주시기 바랍니다.
[산림과]
- 해당 임시도로 복구 공사 허가자에게 요청하여 조속히 보수 조치 할 예정임을 알려드립니다.

2. 귀하의 민원 내용에 만족한 답변이 되었기를 바라며, 답변내용에 대한 추가 설명이 필요한 경우 산림과 산지개발1팀(031-760-2893), 도시민원과 도시행정팀(031-760-4587)으로 연락주시면 친절히 안내해 드리겠습니다. 감사합니다. 끝.
",2023-04-27,도시민원과
아침 출근마다 포크레인이랑 화물때문에 진짜 짜증납니다.,"광주에 거주한지 2년 반 정도 됐고 출퇴근마다 매일 경충대로(구 3번국도)를 이용합니다. 그런데 항상 다니면서 느끼는건데 인도랑 도로가 욕이 나올정도로 너무 개판입니다. 사람 하나 차에 깔려 죽으면 그때 인도개선 해주실껀가요? 그리고 무슨 이유인지 모르겠는데 이런 부실한 도로 가지고 왜이리 화물차량이랑 포크레인이 자꾸 돌아다니는지 모르겠습니다. 아침에 출근하면 2차선은 꼭 포크레인 때문에 교통체증이 항상 발생합니다. 또 화물차들은 서로 1, 2차선 먹으면서 서로 경주하고 다닙니다. 진짜 출퇴근 할때마다 정신병 걸릴 것 같습니다. 나름 인구 40만 수도권 중견급 도시인데 행정수준이 진짜 왜이러나요? 빨리 조치좀 부탁드립니다.",2023-04-07,"1. 안녕하십니까? 귀하께서 신청하신 민원(신청번호 1AA-2304-0238922)에 대한 검토 결과를 다음과 같이 알려드립니다.
2. 귀하의 민원내용은 우리 부서에 협조민원으로 접수되었으며 귀하의 민원 사항에 대하여 ""광주시 도로 전반에 대한 불만사항으로 보도 및 차도의 개선을 요구하는 사항“으로 판단되며 이에 대한 검토결과를 답변드리고자 합니다.
3. 광주시는 오랜 시간동안 수도권 진출입의 주요 교통로 역할을 수행하며 국도 3호선 및 45호선 등의 노선이 교차하고 인근 시군의 핵심 지역을 연결하는 국지도 및 지방도 또한 다수의 노선으로 도로가 형성되어 있습니다. 다만, 최근 10년 간 폭발적으로 인구가 증가하였음에도 불구하고 과거의 도로 시설 기준에 의해 기 형성된 도로가 현대에 요구되는 기준에 맞지 않아 교통체증이 유발되고 있는 점과 보도 확보의 부족으로 인한 보행안전성 저해 등으로 인해 많은 시민들이 불편함을 겪고 있는 점에 충분히 공감하고 있습니다.
4. 이에 우리 시는 도시기반시설의 확충과 교통체증 해소 등을 위해 각종 지방도 및 도시계획도로의 신설 및 확장사업 추진, 도로유지보수사업을 통해 기존 도로의 불편점 개선사업을 지속적으로 시행하고 있으나 위 사업은 고 비용의 예산이 소모되는 사항으로 시 재정적 여건 등으로 인해 충분한 예산 확보에 어려움이 있어 시민의 요구에 부합하는 속도를 내고 있지 못하는 점 양해의 말씀을 드립니다. 지속적인 사업 추진을 통해 향후 광주시가 수도권 중심도시로 발전할 수 있도록 지속적으로 응원과 관심 부탁드립니다.
5. 귀하의 민원내용에 만족스러운 답변이 되었기를 바라며, 답변 내용에 대한 추가 설명이 필요한 경우 보도와 관련한 사항은 도로관리과 도로보수팀(☏031-760-2164)에 연락주시면 친절히 안내해 드리도록 하겠습니다. 감사합니다. 끝.
",2023-04-11,도로관리과
주차장협소,"기존에 간이주차장으로 사용하던 도로가의 일체를 통제말뚝을 박아놓고 간이주차도 못하고 주말에도 주차문제로 다툼이나 발생하고, 거기다 감시카메라까지 설치하여 무조건 불법주차로 범칙금만 부담시키고, 요즘같은어려움에 방법을찿아서 주민을먼저 돌보는 시정이 되는것이 바람직하지 않을까 생각합니다, 시민보다 돈과 권력을 중시하는 바보같은 어리석음은 저버리고, 시민의 어려운 환경을 먼저 돌보는것도 좋을듯하네요.
간이주차를 허용하던지, 일방통행을 개설하던지, 밥법을 찿으면 있을것도 같네요.",2023-04-07,"1. 안녕하십니까? 귀하께서 국민신문고(1AA-2304-0209940)에 신청하신 민원에 대한 검토 결과를 다음과 같이 알려드립니다.

2. 귀하의 민원 내용은 '탄벌동 21-2 도로 노상주차허용 및 일방통행 요청'사항으로 이해되며 검토한 의견은 다음과 같습니다.
가. 탄벌동 21-2 도로 구간은 주정차금지구역으로 상습 주정차 차량으로 인한 불편이 있어 일부 구간 시선유도봉을 설치한 점 알려드립니다.
나. 아울러, 해당 도로 일방통행은 탄벌동 21-2 일원에 거주하시는 분들이 일방통행에 따른 우회로 인해 차량 동선이 길어지는 등 교통 소통에 불편이 발생하여 지정 검토가 어려울 것으로 사료되며, 일방통행 지정은 광주경찰서에서 개최하는 ""교통안전심의위원회""심의에서 결정되며, 해당구간에 일방통행 지정을 요청하는 경우 광주경찰서 경비교통과(031-790-7125)로 문의하여 주시기 바랍니다.

3. 귀하의 문의에 대하여 만족스러운 답변이 되었기를 바라며, 그 밖의 궁금하신 사항은 광주시청 교통과 정재연 주무관(☎031-760-2102)에게 연락 주시면 성심성의껏 답변드리겠습니다. 끝.
",2023-04-14,교통과
현대건설 힐스테이트 삼동역 건설 관련,"안녕하십니까.
저는 경기도 광주시 삼동 소재 키스네일프러덕츠인크(이하 키스네일물류) 물류팀장 지순태 입니다.

현대건설 힐스테이트 삼동역 건설
2번 게이트에 위치한 당사 물류센타는
현재 현대건설 공사로 인해 상당의 업무적 , 재산적 피해와 이에 따른 직원들 민원이 쇄도하고 있지만
현대건설측에서는 이에 대해 아무런 양해와 조치가 없는 관계로
여기 민원을 올리게 되었습니다.

현대건설 공사는 지난 2021년부터 시작 된 것으로 기억 하고
작년까지는 무단주차 , 분진 , 단수 등의 피해는 있었지만
이정도는 현장 항의는 있었지만 그럭저럭 감수 하고 지나 갔습니다.
하지만 올해 들어 앞서 피해에 더해 사전에 아무런 양해도 없이 당사 물류센타를 건설자재 보관 장소로 사용 하거나
건설자재 하역장으로 사용 하는 등 무단 사용에 따른 피해가 심화 되고 있는 바,
2주전에는 당사 납품차량이 현대건설 공사와 납품으로 인해 납품할 동선이나 하역 공간이 없어 납품을 다음주를 미루는
직접적 업무적 피해, 특히 직원들은 저에게 따로 뒷돈을 받는 것인지
의심하는 처지에까지 이르게 되었습니다.

이러한 상황에 대해 3주전에 현대건설측의 책임있는 분의 설명을 요구 했으며
현대건설측에서는 협력업체 전무이사님이 당사 물류센타 방문 하여 앞으로 보다
주의를 기울일 것을 말씀 하셨지만
거의 아무런 변화가 없었으며 이에 따라 저는 지난 주에 협력업체 전무이사님께 정신적 , 재산적 피해에 따른 피해 조치에 더해
앞으로 공사가 끝날때 까지 당사 하역장을 사용 할 꺼라면 정당하게 사용료 지불까지 할 것을 요구하게
되었지만 역시 여기에 대해서도 아무런 답변이 없고(전화도 안받습니다.)
아무런 조치도 없었습니다.
이에 따라 급기야 지난주 금요일에는 제가 먼저 현대건설 현장사무소에 직접 찾아 가서
현 상황에 대해 얘기하고 현대건설 현장소장 등의 책임있는 분의 연락을 요구 했지만
역시 지금까지 아무런 연락이 없는 상태 입니다.(제가 현장사무소 방문했을때 책임자는 부재 였습니다.)

첨부 사진은 현재 현대건설측의 주차장 , 하역장 , 창고로 사용 되고 있는
당사 하역장 현재 상황 입니다.
저는 오늘도 직원들의 차가운 눈총과 마주하며
불안한 하루를 보내고 있습니다.
감사합니다.",2023-04-06,"1. 안녕하십니까? 귀하께서 국민신문고를 통해 신청(1AA-2304-0176253)하신 민원사항에 대한 검토 결과를 다음과 같이 알려드립니다.
2. 귀하의 민원내용은 '삼동 힐스테이트 공동주택 현장의 책임있는 조치요청'으로 이해됩니다.
3. 귀하의 민원 사항에 대한 검토의견은 다음과 같습니다.
○ 귀하의 민원사항을 공사관계자에게 통보하여 무단으로 사용하지 않도록 시정조치 하였으며, 공동주택 건설사에서 직접 양해를 구하도록 행정지도 하였습니다.
○ 민원 접수하신 구간은 (주)하나자산신탁에서 「국토의 계획 및 이용에 관한 법률」 제88조에 따라 실시계획인가를 득하여 시행 중인 [삼동1지구 도시계획도로(중로1-1호선 외 4개 노선) 개설공사] 구간으로,해당 공사에 대하여 조속한 시일 내 처리 예정이오니 다소 불편하시더라도 널리 양해하여 주시기 바랍니다.
4. 추가 설명이 필요한 경우 주택과 주택정책팀 최경숙(☎031-760-8661) 및 도시민원과 도시행정팀(☎031-760-4587)으로 연락주시면 친절히 안내해 드리도록 하겠습니다. 끝.
",2023-04-14,주택과
장지동92-2번지 도로노면 배수관련,"안녕하십니까?
장지동 92-2번지 도로도면에 오늘과 같이 비가 적게 오는날에도 첨부한 사진위치에 늘 노면수 배수가 이루어 지지를 않고 있습니다.
차량이 잠기는 것은 아니지만 차량 운행 시 상대방차량과의 심한 물 튀김 등 여러가지 문제 발생하고 있습니다.
도로노면배수의 개선이 필요 한 사항이니 조치에 관하여 답변해주시기 바랍니다.",2023-04-05,"1. 안녕하십니까? 귀하께서 신청하신 민원(신청번호 1AA-2304-0151658)에 대한 검토 결과를 다음과 같이 알려드립니다.

2. 귀하의 민원내용은 ""장지동92-2번지 일원 배수로 정비 요청""에 관한 것으로 판단됩니다.

3. 우선 귀하께서 제보하여 주신 장지동92-2번지 일원으로 판단되며 현장확인 완료하였습니다. 배수로를 신설할 예정이며, 조속한 시일 내에 일정을 정하여 처리토록 하겠습니다.

4. 귀하의 민원내용에 만족스러운 답변이 되었기를 바라며, 답변 내용에 대한 추가 설명이 필요한 경우 도로관리과 원민영(☏031-760-4148)에 연락주시면 친절히 안내해 드리도록 하겠습니다. 감사합니다. 끝.
",2023-04-11,도로관리과
광주시수도사업 소장님귀하,"봉현리10번지외 7가구에 수도물 공급이 되지않아 엄청난 불편을 격고 있어 건의 합니다.
3년전에 바로앞 가구까지는 공사가 이루어졌는데 바로 공사가 이루어진다는 이장님 말씀만 있었고 별다른 변화가 없어 문의 드립니다,",2023-04-05,"1. 안녕하십니까? 귀하께서 국민신문고에 신청하신 민원(신청번호 1AA-2304-0146390)에 대한 검토결과를 다음과 같이 알려드립니다.

2. 귀하의 민원내용은 '곤지암읍 봉현리 10번지 일원 상수관로 매설요청'에 관한 것으로 판단되며, 해당내용에 대해 다음과 같이 답변드립니다.

- 우리시에서는 급수취약지역에 대한 상수도 확대보급사업을 지속적으로 추진중에 있으나, 가용예산 부족 등으로 지역주민들의 요구사항을 모두 수용하지는 못하고 있는 실정이며, 대상지 확인 결과 수혜도 및 경제성 등이 비교적 낮아 현시점에서 단기적 사업추진은 어려운 여건으로 판단됩니다.

- 다만, 앞서 답변드린바와 같이 우리시는 급수취약지역내 원활한 수도공급과 수도 보급률 제고를 위해 상수도 확대보급사업을 지속적으로 추진중에 있는 바, 향후 지역여건 변동과 우리시 가용예산, 수혜도, 경제성 등 제반여건을 종합적으로 고려하여 단계적으로 상수도 확대 보급사업을 검토·추진해 나갈 계획이오니 이점 널리 이해하여 주시기 바랍니다.

3. 귀하의 민원에 만족스러운 답변이 되었기를 바라며, 기타 상수도와 관련 불편하신 사항에 대하여는 광주시 상하수도사업소 수도과 수도시설팀 안유정 주무관 (031-760-2614)으로 문의하여 주시면 성심껏 답변 드리도록 하겠습니다. 끝.
",2023-04-10,수도과
주거급여 제공(변경) 산청 민원 처리기한 연장,"1 민원처리 기한 연장의 상세한 이유
2 민원의 처리 진행된 과정의 일자들을 알려주시기 요청합니다.",2023-04-05,"민원인께서 민원을 취하하셨습니다.
",2023-04-11,복지정책과
광주시 정주환경 개선,"안녕하세요 광주중앙고등학교 학생입니다.
광주에서 17년동안 살아오면서 불편한점이 많아 신청합니다

1. 매곡초등학교 뒤쪽 효양빌딩 1층에 술집(와이키키) 흡연문제,소음문제 효양빌딩건물에 학원이 대부분입니다. 학생들이 학원을 갈려면 술집을 반드시 지나가야하기 때문에 교육적으로 좋지 못합니다. 흡연문제 만큼은 해결해야하지 않을까요?

2. 광주시내 못된 고양이 점포 앞 신호등이 있는데 작동을 하지 않습니다. CGV 옆 축산물판매장(농협) 앞 횡단보도에는 신호등이 아예 없어서 위험합니다. 큰 버스가 많이 다니므로 교통사고의 위험이 있습니다.

3. 광주시내 인파가 많이 다니는 곳에 쓰레기통을 설치해주세요. 주변에 쓰레기가 너무 많아 지저분합니다.

4. 광주시내 인파가 많이 다니는 곳(백다방, 이디아커피) 주변 금연구역 설정 부탁드립니다. 담배를 너무 많이 피워 보행에 지장이 많습니다.

5. 광주시내 곳곳에 인도가 너무 좁습니다. 또는 인도가 아예 없는 곳이 많습니다. 인도가 있어도 가로수가 인도 한가운데에 자리잡고 있어서 통행을 하려면 도로로 나갔다가 들어와야 하는 경우가 많습니다. 인도를 넓혀주세요.

6. 버스 정류장 앞 대기장소가 좁습니다. 광주중앙고 앞 버스정류장(GS편의점 쪽)은 정류장도 설치되어 있지 않고 대기장소와 인도가 좁아 버스를 기다리는 사람과 통행하려는 사람이 부딪히는 경우가 많고 역시 도로로 나갔다가 들어가는 위험한 일이 벌어지고 있습니다. 역동 버스정류장(컴포즈커피 앞) 역시 마찬가지 입니다.",2023-04-04,"1. 귀하의 가정에 건강과 행운이 함께하시기를 기원하며, 국민신문고를 통해 신청하신
민원에 대해 아래와 같이 답변 드립니다.

2. 간접흡연으로 느꼈을 불편감에 대해 위로의 말씀을 드리며 우리시 행정에 관심을
가져주셔서 감사드립니다.

3. 신청하신 민원내용은 양벌동 효양빌딩 앞 노상에서 금연과 광주시내 금연구역 설정
민원으로 이해됩니다.

첫째. 2023년 4월 10일 민원제기하신 효양빌딩에 현장 방문하여 노상에서 흡연이
이루어지지 않도록 1층에 위치한 '와이키키'업주에게 금연권고를 하고,
건물 1층 외부에 '간접흡연민원 다발구역'안내 스티커를 부착하였습니다.

둘째. 광주시내 금연구역 지정에 관한 사항은 광주시민 및 전문가, 인근 상가업주
들과의 협의가 필요한 사항으로 시일내 지정은 어려울 것으로 판단되며,
금연단속원이 수시로 금연 계도 및 단속을 할 수 있도록 하겠습니다.

4. 위와 같은 조치로 귀하의 민원사항이 개선되기를 바라며 답변과 관련한 문의사항은
광주시보건소 건강생활팀(031-760-3746)으로 연락주시기 바랍니다. 끝.
",2023-04-11,건강증진과
경기광주 지하철 배차 문제,제발 경강선 배차좀 늘려주세요 배차가 항상 변화가 없네요 출퇴근 시간에 사람도 많고 안하는 이유를 모르겠네요 어려우면 뭐 출퇴근 시간이라도 해주셨으면 좋겠네요,2023-04-03,"1. 귀하의 가정에 행복이 가득하길 기원하며, 국민신문고를 통해 신청하신 민원(신청번호 1AA-2304-0086937)에 대한 검토 결과를 다음과 같이 알려드립니다.

2. 귀하의 민원내용은 “경강선 배차간격 단축 요청”에 대한 것으로 이해되며, 민원사항에 대하여 검토한 의견은 다음과 같습니다.
가. 경강선 배차간격 단축을 위한 요구사항에 대하여 우리시는 경강선 운영 주체인 한국철도공사와의 지속적인 협의로 2020년 3월부터 평일 출근시간대 열차를 2회 증편한 바 있습니다.
나. 또한, 우리시는 출·퇴근시간대 배차간격 문제점 개선을 강력히 요청하여, 그 결과로 2022년 11월 5일부터 경기광주역 기준, 평일 출근시간대(07시~08시 30분) 상행인 판교방면 배차간격 균일화 및 평일 퇴근시간대(17시~20시) 하행인 여주방면 배차간격이 단축되어 운행되고 있습니다.
다. 현재는 열차수송계획 효율화를 통해 배차간격이 조정되었지만 이용객이 요청하시는 수준의 배차간격을 단축시키기 위해선 최소 5편성을 증편이 필요하며 한국철도공사의 열차증편 기준인 이용수요와 열차 혼잡도 기준을 충족시키지 못하는 관계로 원인자 부담에 의해 지자체가 열차구입비 300억원 연간 운영비 20억원 이상을 부담 추진을 검토했으나 우리시 예산으로 전액 부담이 어려우며, 현재는 타당성 또한 확보되지 못하는 관계로 최종적으로 국토교통부의 승인을 받기가 어려운 실정입니다.
라. 따라서, 향후 2027년 준공 예정인 월곶~판교선, 여주~원주선이 개통 시 경강선은 하나의 노선으로 통합 운영되어 전동차 구간(인천~여주)까지 확대 및 2030년 수서~광주선 개통, GTX 도입 등을 추진하여 경강선의 이용수요 증가 시 열차증편의 타당성 근거를 확보하여 한국철도공사 및 경강선 관계 지자체와 협력 등 다각도의 검토를 통하여 이용객의 불편 사항이 최소화될 수 있도록 노력하겠습니다.

3. 기타 문의사항은 교통과 철도화물팀 차윤철(☏031-760-2073)으로 연락주시면 성심껏 답변 드리겠습니다. 끝.
",2023-04-04,교통과
하천변 보수공사 빠른 진행 요청,"안녕하세요

""경기도 광주시 쌍령동 493-9"" 해당 주소지 인근에서
현재 하천변 공사가 진행중입니다.

-> 특히 경기도 광주시 쌍령동 114번지 앞에 하천변 다리에 배수로 공사가 제대로 이어지지 않아서
작년에 비가 많이 왔을때, 고지대에서 물이 해당 주소지로 다 몰려들어와 막대한 재산상 피해를 입었습니다.

현재 하천변 공사가 제대로 이어지지 않아, 온갖 먼지가 발생하고 있고, 흙더미와 돌로 인해 차량 이동시
타이어가 펑크나는듯 이동시 문제가 지속적으로 발생함에도 불구하고

적절한 조치가 이루어지지 않아 민원을 제기합니다.",2023-04-03,"1. 귀하의 가정에 행복이 가득하시길 기원합니다.

2. 귀하께서 국민신문고를 통하여 제기하신 민원(1AA-2304-0081959)에 대한 검토 결과를 다음과 같이 알려드립니다.
가. 해당구간은,「소하천정비법」에 따라 지정된 소하천(쌍령천)으로 관련 법령 및 정비 계획에 따라 소하천 정비사업을 진행하고 있는 사항으로,
나. 소하천 정비계획 사항을 반영하여 시공 된 쌍령천 제방 및 교량이 기존도로 접속부보다 높게 설치된 결과, 기존도로 및 인접 토지의 우수처리가 원활하지 않은 사항에 대하여, 설계변경을 검토하여 반영할 예정임을 알려드립니다.

3. 불편사항이 즉각 해소되지 못한 점 양해부탁 드리며, 기타 문의사항은 지역개발과(☏031-760-2564)로 연락주시면 성심껏 답변 드리겠습니다. 감사합니다. 끝.
",2023-04-27,지역개발과
아파트 후문 진입로의 다양한 불법주차 차량에 대해 단속 바랍니다.,"퇴근 시간 및 출근시간 아파트 후문 진입로의 다양한 불법주차 차량으로 인해 운전이 힘이 듭니다.
작은 승용차부터 대형 트럭까지.. 누가 보면 당연히 주차를 해도 되는 것처럼 많은 차량들이 불법주차를 하고 있습니다.
저녁 6시 이후부터 통행에 방해까지 주면서 아주 당당히들 주차를 하고 있는데..
경기광주시청은 단속 하고 있다는 말뿐 실질적인 단속은 하지 않고 있습니다.
본인만 해도 벌써 몇번을 글을 남기고 주차 단속을 요구 하였으나 하고 있다는 답변만 있을 뿐 도무기 개선의 여지가 보이지 않습니다.

공무원 바쁜거 알고 있습니다.
나오지 못한다면 공원 cctv로 까지 활용범위를 넓혀서 불법주차 CCTV를 달아주시기 바랍니다.
불법주차 차량 피하다가 본인 차량 피해 입으면 나라에서 해당 부분에 대해 보상이 가능한가요?
대형 트럭을 일방통행길, 회전길에 주차하는 것은 너무한 것 아닌가요?
민원인이 좋게좋게 얘기하니 AI처럼 형식적인 단속을 하고 있다고 답변만 하는 것인가요?
해당 세대에서 살고있는 주민이 불편을 겪고 있습니다. 조치 바랍니다!!!!

또한 태전동1길 공원은 불법주차 차량이 인도위에 당당하게 주차되어 있습니다.
4/2(일) 오전 11~12시 사이 본인이 경기광주시청 당직실에 불법주차 단속을 요구 하였으나 30분이 지나도 출동하지 않아
두번째 요청 하였습니다.(두번째는 출동 하였는지 모르겠네요)
시민을 위한 단속을 진행하여 주기 바랍니다!!",2023-04-03,"1. 안녕하십니까? 귀하께서 국민신문고에 신청하신 민원에 대한 검토 결과를 다음과 같이 알려드립니다.

2. 귀하의 민원내용은 ""태전동 701-12 외 주정차 신고""사항으로 이해되며, 검토의견은 다음과 같습니다.
가. 우선, 해당 구간의 불법 주차로 불편함을 겪으신 점에 대하여 유감의 말씀을 드리며, 요청하신 민원구간에 대해서는 이동식 단속차량으로 현장 출동하여 지도ㆍ단속을 실시하였음을 안내드립니다.
나. 아울러, 신고 구간에 대해 관심을 가지고 순회순찰 및 단속을 실시하여 통행불편을 최소화하도록 노력하겠습니다.
다. 또한, 우리시는 시민제보로 과태료를 부과하고 있으며, <안전신문고앱>을 이용하여 1분(인도) 이상 시간간격을 두고 차량번호 및 위반지역이 모두 식별 가능하도록 동일한 위치(최소한 유사한 위치 및 촬영 각도)에서 촬영(2매)하여 첨부하시면 과태료 부과처분이 가능함을 알려드립니다. (기타주정차금지구역은 07시에서 22시 사이 10분 신고가능)

3. 답변 내용에 대한 추가 설명이 필요한 경우 광주시 교통과 정미영 주무관(☎031-760-2924)에게 연락해주시면 상세히 설명해 드리겠습니다. 감사합니다. 끝.
",2023-04-07,교통과
경기광주역 대중교통 시간 문의 드립니다.,"안녕하십니까, 항상 시민들을 위해 불철주야 버스와 지하철을 운행하시는 기사님들과 관리자분들 고생 많으시며 감사드립니다.
바쁘시겠지만 한 가지 문의할 것이 있어서 연락 드립니다. 심야 시간대(22시~)의 경기광주역 경강선의 시간표와그 시간대에 운행하는 버스가 기존 시간표보다 조금 일찍 도착하거나 지하철의 시간과 맞지 않아, 타지 못 하거나 장시간을 기다리게 되는 경우가 더러 있습니다. 버스가 많이 다니지 않는 광주역에선 몇 분 차이로 버스를 놓치면 상당히 아쉬운 상황이 되어버립니다. 그렇기에 혹시 심야 시간대(22시~)의 버스 시간표와 지하철 시간표가 적절히 맞아 떨어지게 미세조정이 가능한지 문의드립니다. 늘 고생 많으신 기사님들과 관리자분들 감사드립니다. 앞으로도 시민들을 위해 힘 써주시길 바랍니다! 조정하는 것이 여러 복합적인 사유로 불가능하다면 겸허히 받아들이겠습니다. 읽어주셔서 감사합니다.",2023-04-02,"1. 귀하의 가정에 행복이 가득하길 기원드립니다.

2. 귀하께서 국민신문고에 신청하신 민원(1AA-2304-0056021)에 대한 검토 결과를 다음과 같이 알려드립니다.
○ 민원내용: 관내 노선버스 경간선(경기광주역) 연계
○ 회신내용
- 답변에 앞서 버스 이용에 불편을 드린 점 넓은 마음으로 양해 부탁드리겠습니다.
- 귀하께서 건의하신 관내 노선버스와 경강선(경기광주역) 연계와 관련하여, 기존 유사한 민원이 제기되어 경강선을 경유하는 관내 노선버스에 대하여 경강선과 연계가 될 수 있도록 배차조정 등에 대하여 운수업체에 요청한 사항이 있으며,
- 귀하께서 불편을 느끼신 버스노선을 알려주시면 추가적으로 운수업체와 적극 협의하여 경강선 연계가 원활하게 이루어질 수 있도록 검토하겠습니다.
- 다만, 배차시간으로 운행하는 버스노선은 교통상황 등에 따라 버스정류소 도착시간이 일정하지 않을 수 있음을 양지하여 주시기 바랍니다.

3. 귀하의 민원내용에 만족스러운 답변이 되었기를 바라며, 답변 내용에 대한 추가 설명이 필요한 경우 광주시 교통과 이기준 주무관(☎031-760-8782)에게 연락주시면 친절히 안내해 드리도록 하겠습니다. 감사합니다. 끝.
",2023-04-13,교통과
"유선상으로 탄벌동 도로에 불법주정차 민원 신청했으나 처리를 하는건지 마는건지 전혀 대응을 하지 않고 있고, 인사 사고 위험이 너무 큽니다","현재 광주시 탄벌동 현대아파트 옆 빌라단지 주위 주정차 차량으로 인해 차량이 인도를 타넘고 운행해야하고, 차량 사이에서 학생들이나 애들이 불쑥불쑥 나오고 있어서 인사사고 위험도 높고, 가로등도 어두워서 해당 도로를 지나다닐때마다 위험합니다.
2022년10월 경인가 11월 정도에 유선상으로 광주시청 도로과에 민원을 신청하니까 해당 도로에 민원이 계속 들어오고 있다면서 나와서 점검하겠다고 했습니다.
그래서 담당 직원(여자분)을 만나기 전에 미리 동영상을 몇개 찍어서 보관 후 담당 직원분 만났을 때 동영상을 보여드렸습니다.
담당 직원분이 말씀하길 민원이 계속 들어오고 있고, 동영상을 봐도 심각하다며, 최대한 빠른 시일내에 조치 취하겠다고 했습니다. 그래도 시간은 걸린다고 했습니다.
이 때 당시 제가 제안드렸던것은 빌라단지들 주차장이 한정되있으니 전면 금지하면 입주자분들도 불편하실거고(저는 차량 1대 주차장 1개소 사용중입니다) 특히 인도쪽에 붙여서 주차한 차들때문에 애들 나오는게 시야에 가려지니까 인도쪽에 탄력봉을 박아서 인도쪽은 주차를 할수 없게 하면 어떨꺼 같냐고 하니까, 그것도 괸찮은 방법이긴 한데 해당 빌라 입주자들에게 전부 서명을 받아야한다고 하며(국유지 도로에 탄력봉 박아서 주정차를 하지 못하게 하는것을 왜 입주자들에게 서명받아야 하는지 이해를 못하겠지만 알았다고 했습니다)(그리고 해당 빌라단지에서도 주정차로 인해 차량 통행이 힘들고 하니까 쓰레기통부터 화분, 의자, 벽돌 등등으로 일부구간을 차량 대지 못하게 해놨지만 무용지물입니다), 서명 받을려면 시간이 많이 걸리는데 어쨌던 조치 취하겠다고 했습니다.
그러나 현재까지 진행된 부분은 담당직원분도 알고 계시지만 삼거리 나눠지는 부분(이 부분에 차량 주차되 있어서 운행하는 차량은 인도를 타넘고 다녀야하고, 보행자가 위협을 느끼게 됩니다)에만 탄력봉 몇개 박은게 끝입니다(현재 그 탄력봉 박은 자리에 탄력봉을 타넘고 주차하고 있습니다 차들이)
무려 5개월이 지났는데 전혀 처리가 안되고 있는것은 도로과에서 일을 안하고 있는건지 도무지 이해를 못하겠습니다.
본인들의 집앞이고, 본인들 애들이 지나가다 사고라도 날 수 있는 위험이 있다면 이렇게 태평하게 처리안하고 있을수 있을까요?
탄력봉도 필요없고, 현대아파트부터 라온팰리스까지 200여 미터 거리 주정차단속 카메라 설치해주십시요
탄력봉 해놔봐야 탄력봉위에 주차할껀데 아무 의미 없으니 주정차단속 카메라 설치도 하시고, 주정차 위반차량들 견인조치 하시기 바랍니다.
그리고 가로등도 다른 입주자분들이 수차례 민원 넣었다고 하시는데 어두컴컴한 밝지도 않은 가로등 몇개 설치하면 끝인가요?
저녁때 와서 보십시요.. 세대내 불빛이랑 설치해놨다고 하는 가로등 불빛 다 합쳐도 어두워서 사람들 보행에 위험합니다.
어떻게 처리할 지 여부에 대해 답변은 4월 말까지 주시고, 처리는 5월달 이내로 해주시기 바랍니다.
처리 안하신다면 경기도청과 정부24시, 국민신문고, 방송국까지 민원 넣겠습니다
수고하세요",2023-04-01,"1. 안녕하십니까? 귀하께서 국민신문고(1AA-2304-0023741)에 신청하신 민원에 대한 검토 결과를 다음과 같이 알려드립니다.

2. 귀하의 민원 내용은 '탄벌동 116-1번지 도로 주정차단속카메라(CCTV) 설치 요청'사항으로 이해되며 검토한 의견은 다음과 같습니다.
가. 귀하께서 요청하신 주정차 무인단속카메라(CCTV)는 주정차금지구역 내 지역적 여건 및 예산, 타 요청 지역과의 경중 등을 고려하여 차량 통행량 및 주정차 위반 차량이 많은 교통 상습 정체지점을 우선 위주로 설치 및 검토하고 있습니다.
나. 무인단속카메라(CCTV) 설치를 요청하신 탄벌동 116-1번지 구간은 주정차금지구역에 해당되지 않아 무인단속카메라(CCTV)설치에 대한 검토가 어려운 점 양해하여 주시기 바랍니다.
다. 아울러, 주정차금지구역 지정은 도로교통법 및 교통안전시설 등 설치관리에 관한 규칙(경찰청 훈령)에 따라 광주경찰서(경비교통과 ☎031-790-7152)에 설치된 교통안전심의위원회에서 처리하고 있음을 알려드리오니 참고하시기 바랍니다.
라. 향후 주정차금지구역 지정에 따라 무인단속카메라(CCTV) 설치에 대해 검토하여 차량 및 보행 안전 확보 조성에 노력하겠습니다.

[도로관리과]
1. 안녕하십니까? 귀하께서 국민신문에 신청하신 민원(신청번호/1AA-2304-0023741)에 대한 검토 결과를 다음과 같이 알려드립니다.
2. 귀하의 민원 내용은 ""보안등 설치"" 에 관한 것으로 판단 됩니다.
3. 귀하의 보안등 설치 요청에 대한 검토 의견은 다음과 같습니다.
가. 해당 지역 야간 점검 결과 일부 구간(뉴캐슬 빌라 앞)을 제외하고는 보안등이 설치되어 통행에 지장이 없을 것으로 사료되며,
나. 조도 미달 구간은 빛공해 피해 여부 등을 검토하여 5월 중 추가(1~2개) 설치할 계획임을 알려드립니다.

3. 귀하의 문의에 대하여 만족스러운 답변이 되었기를 바라며, 그 밖의 궁금하신 사항은 광주시청 교통과 정재연 주무관(☎031-760-2102), 도로관리과 김경혁 주무관(☎031-760-2173)에게 연락 주시면 성심성의껏 답변드리겠습니다. 끝.





라. 상기 내용과 관련하여 궁금하신 사항에 대하여는 교통과 주차관리팀 정재연 주무관(☎ 760-2102)으로 문의하여 주시기 바랍니다. 끝.
",2023-04-18,교통과
쌍동초등학교 신축 공사 환경,"쌍동초등학교 신축공사와 함께 진행중인 것 같은 도로공사 관련입니다.
몇 년동안 연이은 주변 아파트 건축공사, 산림계곡 복개해서 진행 중인 소공원 조성공사로 인해 인근 주민들의 피로도가 극심한데
초등학교 신축공사 처음부터 공사관리 제대로 되고 있지 않아 불편이 정말 심했습니다.
요즘은 정말 비산먼지와 주변 진흙, 시멘트로 난장판이 되어 있는 공사현장 때문에 환경보건상에 누적적인 영향을 느끼네요.
우선적으로 공사로 인해 도로를 점용하는 기간, 통제 시 이에 대한 명확한 공사안내가 있어야 합니다. 공사로 인해 점용한 도로 때문에 불편을 겪고 있는 통행 차량에 안전조치 (안전휀스 늘 쓰러져 있습니다,,) 철저하게 해야합니다.
중기가 주로 드나드는 출근시간 철저한 통행관리, 보도권으로 이동하는 아이와 노인 등의 계층의 안전을 고려해야합니다.
제대로 된 세륜세척시설(있나요......??)로 인한 비산먼지관리, 물차로 대충 쓸어내려 주변도로에 쌓이고 있는 진흙, 몰탈 덩어리들, 산재한 각종 건축자재들 관리가 필요합니다.
주민들이 살고 있는 주거지역인데 요즘에도 이렇게 공사하는 현장이 있나 싶을 정도로 수준을 의심하게 만드는 막무가내로 공사는 광주시 지역의 현 수준이자 시민들의 의식을 절하하는 행위입니다. 공사장 인근 환경관리 철저하게 해주실 것을 간곡하게 부탁드립니다.",2023-04-01,"1. 안녕하십니까? 귀하께서 국민신문고에 신청하신 민원(신청번호 : 1AA-2304-0007314)[쌍동1지구 내 공사 관련]건에 대하여 아래와 같이 답변드립니다.

○ 민원 접수하신 구간은 (주)하나자산신탁에서 「국토의 계획 및 이용에 관한 법률」 제88조에 따라 실시계획인가를 득하여 시행 중인 [쌍동1지구 도시계획도로(중로1-1호선 외 7개 노선) 개설공사] 구간으로,
○ 공사로 인한 불편사항에 대하여 해당 사업시행자에게 통보하였음을 알려드리며, 해당 공사에 대하여 조속한 시일 내 처리 예정이오니 다소 불편하시더라도 널리 양해하여 주시기 바랍니다.

2. 귀하의 민원에 충분한 답변이 되었기를 바라며, 기타 문의사항은 도시민원과 도시행정팀(☎031-760-4587)으로 전화주시면 친절히 답변드리겠습니다. 감사합니다. 끝.
",2023-04-18,도시민원과
아파트 공사로 인한 차량통행 불편 및 쓰래기 투기,"경기 광주시 초월읍 쌍동리 146-5 일원에 힐스테이트 아파트 공사가 진행중에 있는데요.

공사 현장 주변 도로인 도곡길 쌍동교(쌍동1리 새마을회관) 부터
상류방향으로 초월중앙교회 구간에 가림막을 설치하고 하천정비 및 아파트 단지를 연결하는(다리?복개?) 공사가 진행되고 있습니다.
구체적으로 무슨 공사인지 알림판도 없습니다. 그냥 지구 조성공사 라고 써 놓은 입간판이 전부 이고요.

공사가 시작된 지난해 여름부터 해당구간의 도로폭이 차량의 교행이 불가하여 출퇴근 시간때 짜증 날 정도로 불편 합니다.
공사로 인한 불편함에 더해서 쌍동4교까지(예비군훈련장 입구) 아파트 공사장 근무자 분들의 차량이 도로의 한쪽면에 주차를 하여
더욱더 차량 통행에 불편을 주고 있습니다.

출근시간 2~3대의 차량이 상하행 중 마주치게 되면 교행이 불가하여 전후진을 반복 하는 등 스트레스는 극에 달하게 됩니다. 또한 공사현장 근무자들의 차량이 주차되었던 자리에는 수많은 생활쓰래기 등이 무단 투기되어 주변 환경을 오염 시키고 있으며, 일부 가로등이 점등되지 않아서 저녁시간 귀가하는 상류지역 거주자분들이 치안에 불안한 마음으로 귀가길을 오가고 있습니다.

이런 문제가 지난 8개월간 지속적으로 발생하고 있는데 이와 관련된 대책이나 공사의 내용 등에 대해서는 그 정보가 전혀 공유되고 있지 않고 있습니다.
이와 관련하여 아래와 같이 요청 하오니 당장 ""공사중지 명령""을 해주시고 통행권 등 교통, 환경, 안전에 대한 대책을 수립하여 주시기 바랍니다.

1. 출퇴근 시간대 원활한 차량의 흐름을 확보할 수 있는 교통요원 배치 운영.
2. 도로에 노출되어 있는 공사현장의 안전조치 및 보행자 통행로 확보
3. 공사현장 근무자분들의 주차문제 해결.
4. 수시로 도로, 하천 주변 쓰래기 등 환경 정화
5. 공사의 목적에 대한 구체적 알림판 설치
6. 비산먼지 방지를 위해 운용 되고 있는 살수 차량의 취수금지(쌍동4교 주변에서 취수가 이뤄지다보니 하류에 물 공급니 중단되어 하천의 일부 고인물이 썩어가고 있음)
7. 건설업자의 이익을 위한 건축행위로 인해 발생한 통행권 등 교통, 환경, 안전 등 피해에 대한 보상(상류 지역 피해주민 공공의 이익)요구
8. 아파트 완공 후 발생되는 입주자 차량의 동선 등 교통체증 대책

광주시(초월읍)는 건축업자 입장에서 민원을 대하지 말고 피해지역 주민의 시각에서 본 민원을 검토하여 주시기 바랍니다.",2023-04-01,"1. 안녕하십니까? 귀하께서 국민신문고를 통해 신청하신 민원사항(1AA-2304-0000454)에 대한 검토 결과를 다음과 같이 알려드립니다.
2. 귀하의 민원내용은 아래의 사항으로 이해됩니다.
- 쌍동4지구 주변 마을 진입도로 불편사항(주차, 차량통행, 환경 등) 및 보상요구 등
3. 귀하의 민원사항을 사업주체 측에 통보하여 조치계획을 제출받았으며, 사업주체의 답변사항은 아래와 같습니다.

[주택과]
- 출퇴근 시간대 원활한 차량의 흐름을 확보할 수 있는 교통요원 배치 운영
▶ 출퇴근 시간대 유도원 배치 및 입간판 설치하여 관리 예정입니다.
- 공사현장 근무자들의 주차문제 해결
▶ 현장 인접한 도시계획도로 경계석 공사 완료(약 2주 소요) 후 주차공간으로 사용 예정입니다.
- 수시로 도로, 하천 주변 쓰레기 등 환경 정화
▶ 하천공사 시 수시로 정리정돈 실시 및 외부도로 클린데이 운영 예정입니다.
- 비산먼지 방지를 위해 운용되고 있는 살수 차량의 취수금지
▶ 살수차 취수 장소 변경 예정입니다.
- 건설업자의 이익을 위한 건축행위로 인해 발생한 통행권 등 교통, 환경, 안전 등 피해에 대한 보상(상류 지역 피해주민 공공의 이익)요구
▶ 당 사업은 추진과정에서부터 교통, 환경, 안전 등 위 사항을 충분히 고려한 교통영향평가(주 진입로 차도 확장, 미 개설 도시계획도로 개설 등) 및 교통대책, 공원 등 지역환경 대책(도곡초, 초월중 통학로 개선, 주변 2지구에 부족한 공원시설 4지구에 초과 반영 등)을 수립하여 진행했습니다. 또한 당사가 추진한 도시계획(지구단위계획)에 지역 대표를 포함한 주민대책위원회와 상호협의에 따라 정한 보상 합의안이 있으며, 현재 당사는 관련된 사업(소로3-5호선 개설, 마을회관 신축공사 등)을 성실하게 추진중입니다.(소로3-5호선 토지보상 진행 중, 마을회관 건축허가 득)
- 아파트 완공 후 발생되는 입주자 차량의 동선 등 교통체증 대책
▶ 아파트 준공시기에 맞추어 주 진입로(중로2-1호선)를 기존 3차로에서 4차로로 차도 추가 확장 개설 및 다수의 지역 내 미개설 도시계획도로를 당사 부담으로하여 개설 예정입니다. 또한 시도23호선의 교통개선을 위한 곤지암천 제방도로 개설도 광주시와 협의 중입니다.
[도시민원과]
- 도로에 노출되어 있는 공사현장의 안전조치 및 보행자 통행로 확보
▶ 기존 관로 연결, H-pile 제거 및 바닥정리한 후 안전시설물(라바콘) 설치 예정입니다.

4. 추가 설명이 필요한 경우 주택과 주택정책팀(☎ 031-760-8664), 도시민원과 도시행정팀(☎ 031-760-4587)로 연락주시면 친절히 안내해 드리도록 하겠습니다. 끝.
",2023-04-20,도시민원과
농구장을 설치해주세요,"곤지암 내에서 농구를 할 곳이 없습니다. 지금 농구장이 설치되어있는곳은 곤지암 중학교, 곤지암 고등학교, 삼리 공설운동장 이렇게 3곳인데 이 중 고등학교 농구장은 중간에 배구 네트가 설치되어있고 농구장 자체도 매우 좁아 경기 진행이 매우 어렵고 공설운동장의 농구장은 반코트 밖에 설치 되어있지 않고 그마저 제대로 관리가 안돼있습니다. 얘들 학업문제로 어쩔 수 없이 밤 늦게 해야하는데 중학교에서 하니까 주변 주택에서 신고를 해서 건조물침입죄라고 더 이상 못 놀게 되었습니다. 공설운동장의 농구장을 넓혀주시거나, 새로 제대로된 농구장을 만들어 주세요.",2023-04-01,"국민신문고에 접수된 사항에 대하여 다음과 같이 답변하고자 합니다.

1. 안녕하십니까? 귀하께서 국민신문고를 통해 신청하신 민원(1AA-2304-0000076), ""농구장 설치 요청""에 대한 검토 결과를 아래와 같이 알려드립니다.

- 아 래 -

가. 귀하께서 말씀하신 농구장(곤지암 중학교, 곤지암 고등학교, 곤지암 생활체육공원) 외에 만선리 생활체육시설(만선리 450번지)에도 농구장 코트가 있음을 알려드리며, 만선리 생활체육시설 농구장의 예약 및 이용에 관한 사항은 곤지암읍 총무팀(031-760-4919)으로 연락주시면 안내해드리도록 하겠습니다.

나. 또한 곤지암 내에 추가적인 농구장 설치 및 확대에 대하여는 예산의 확보 및 시의성 등을 종합적으로 검토하여 추진할 사항으로, 향후 곤지암 생활체육공원 개수 작업 시 반영토록 노력하겠습니다.

2. 상기 답변 관련 질의사항이 있는 경우 곤지암읍 총무팀(031-760-4919)으로 연락주시면 친절히 안내해 드리도록 하겠습니다. 감사합니다. 끝.
",2023-04-07,곤지암읍
어린이집 가는 길목 방지턱의 표시 누락으로 인한 잠재 위험 요소 신고,"안녕하십니까. 고생 많으십니다.

요청사유: 통학 차량 내 어린이의 안전
요청사항: 과속방지턱 페인트칠
요청장소: 산수로58번길 20

28개월 아들의 아버지로 조이킨더어린이집에 아이를 맡기고 있습니다. 어린이집으로 들어가는 유일한 골목길에는 상대적으로 높은 과속방지턱이 하나 있고, 아무런 칠이 되어있지 않아 사전에 감속하는 타이밍을 놓치게 되기도 합니다.
좁은 골목길, 그늘이 진 도로, 도로와 똑같은 색깔의 방지턱으로 차량 통과시 높이로 인한 낙차가 체감될 정도입니다. 어린이를 실은 통학차량이 하루에도 수 없이 다니는데 상대적으로 연약한 아이들이 잘못된 충격을 받을 경우 어떻게 다치게 될지 상상도 되지 않습니다. 특히, 자차 통학이 어려워 어쩔 수 없이 타인이 모는 통학버스에 내 아이의 안전을 맡긴 경우에는 매일이 불안할 수 밖에 없습니다.
이에 단순하지만 해당 과속방지턱에 주의를 끌기위한 페인트 칠을 부탁드리는 바입니다.
아이의 안전을 위해 드리는 건의인 만큼 도로 교통에 또 다른 불안요소가 없는지도 검토 부탁드립니다.",2023-03-31,"1. 귀하께서 신청(신청번호 1AA-2209-0440357)하신 ""용수리 545-2번지 일원 도로 보수"" 요청 민원에 대하여는 다음과 같이 답변드립니다.

- 본 사안에 대하여는 현장 확인 및 귀하가 송부한 사진 자료 등을 참고하여 보수공사를 실시 할 예정임을 알려드리오니, 이점 양지하여 주시기 바랍니다.

2. 귀하의 민원내용에 만족스러운 답변이 되었기를 바라며, 답변 내용에 대한 추가 설명이 필요한 경우 초월읍 개발팀 김기환주무관(☏031-760-2542)으로 연락주시면 친절히 안내해 드리도록 하겠습니다. 감사합니다. 끝.
",2023-04-07,초월읍
갈마터널 내 도로 노면 파손,"갈마터널 내 도로 노면 파손 으로 인해 교통사고 , 차량 파손 유발이 심 할수 있습니다. 조치 부탁드립니다. 감사합니다.",2023-03-31,"1. 안녕하십니까? 귀하께서 국민신문고에 신청하신 민원(신청번호1AA-2303-1061167)에 대한 검토 결과를 다음과 같이 알려드립니다.
2. 귀하의 민원 내용은 “갈마터널 일원 포트홀 보수 요청“에 관한 것으로 판단됩니다.
3. 귀하의 질의 사항에 대해 검토한 의견은 다음과 같습니다.
- 귀하께서 요청한 갈마터널 일원 포트홀 보수 요청에 관련하여 해당도로는 임시보수를 주기적으로 시행중이며,
- 연간단가 보수업체를 통하여 광주에서 성남방면 입구쪽 복구가 예정되어 있음을 알려드리겠습니다.
4. 귀하의 질문에 만족스러운 답변이 되었기를 바라며, 답변 내용에 대한 추가 설명이 필요한 경우 도로관리과 도로관리팀 김태진 주무관(☎760-4867)으로 연락주시면 성심껏 안내해 드리겠습니다. 감사합니다. 끝.
",2023-04-03,도로관리과
종량제봉투에 넣은 기저귀 수거를 안해갑니다.,"제가 부모님 집(경기도 광주시 오포읍 양벌로88)에서 애기 기저귀를 갈고 종량제봉투에 넣어서 버리면 수거를 해가지 않습니다.

그래서 부모님 집에 방문할때마다 나온 기저귀를 버리지 못하고 매번 집으로 가져와서 버립니다.

여기 양벌리쌍용아파트는 종량제봉투에 넣어서 버릴 수 있는데 왜 부모님댁(양벌로88)에서 버리면 수거를 안해가는것일까요?

종량제봉투에 기저귀를 배출하면 안되는지 궁금하고 어떻게 하면 수거를 하게끔 할 수 있을지도 궁금합니다.

그리고 수거를 해가는 곳은 무슨과에서 관리하는 어떤 업체인지도 궁금합니다. 감사합니다.",2023-03-31,"1. 안녕하십니까? 귀하께서 국민신문고에 신청하신 민원(신청번호 1AA-2303-1054666)에 대한 검토 결과를 다음과 같이 알려드립니다.

2. 귀하의 민원내용은 “종량제에 귀저기 배출시 미수거”에 관한 것으로 이해됩니다.

3. 민원사항에 대한 검토 의견은 다음과 같습니다.
- 종량제봉투에 귀저기 배출시 수거하는 것이 맞으며 업체에 귀저기를 종량제봉투에 넣어서 배출하면 수거대상임을 다시 확인시켰습니다. 양벌동 수거업체는 광우환경(031-765-1900)입니다. 다시금 불편을 드려 죄송합니다.

4. 귀하의 질문에 만족스러운 답변이 되었기를 바라며, 답변 내용에 대한 추가 설명이 필요한 경우 오포1동행정복지센터 환경관리팀(031-760-4850)에게 연락주시면 친절히 안내해 드리도록 하겠습니다. 감사합니다. 끝.
",2023-04-04,지역안전과
우산천에 작년 홍수의 쓰레가 방치됨,"각종을 민원 해결을 위해 수고가 많으십니다.
---
민원내용: 작년 퇴촌 홍수로 떠내려온 쓰레기
가 그대로 뚝방길 아래 방치
장 소: 우산천, 도수리 438번지 뚝방 아래
---
큰 비가 오기 전에 치우지 않으면 이 쓰레기들이 서울시민들 식수로 사용되는 팔당호에 유입이 될까 걱정입니다.
우산천에는 하루의 퇴촌 운동장 까지 하천에
쓰레기가 곳곳에 있습니다.
수자원 공사에서는 신경을 많이 쓰는 상수보호 구역 입니다.",2023-03-31,"1. 귀하께서 국민신문고를 통해 신청하신 민원(1AA-2303-1050965)에 대한 처리결과를
다음과 같이 알려드립니다.

2. 귀하의 민원내용은 “수해쓰레기 수거”에 관한 것으로 판단됩니다.

3. 귀하의 질의사항에 대해 검토한 의견은 다음과 같습니다.
- 금일 해당 위치의 방치쓰레기는 수거하였으며 지속적인 하천변 정화활동을 통하여
깨끗한 하천이 조성될 수 있도록 하겠습니다.

4. 귀하의 질문에 만족스러운 답변이 되었기를 바라며, 답변 내용에 대한 추가 설명이 필요한 경우 퇴촌면 총무팀 김윤호(☎031-760-4819)에게 연락주시면 친절히 안내해 드리도록 하겠습니다. 감사합니다. 끝.
",2023-04-03,퇴촌면
가로등이 어두워요,"송정교(경화여고 광주고) 정거장 위에 가로등이 나갔어요
밤에 어둡고 위험해 보입니다",2023-03-30,"1. 안녕하십니까? 귀하께서 국민신문고에 신청하신 민원(신청번호 1AA-2303-1025750)에 대한 검토 결과를 다음과 같이 알려드립니다.

2. 귀하의 민원 내용은 ""송정동 62-6번지 일원 가로(보안)등 보수 요청""에 관한 것으로 판단되며, 귀하의 질의사항에 대하여 검토한 의견은 다음과 같습니다.
가. 해당 가로(보안)등에 대하여 현장 점검한 후, 2023. 4. 7.일까지 조치할 예정입니다.
다만, 현재 가로(보안)등 신설 및 보수 민원이 많으며 기상여건(비, 강풍 등)에 따라 작업이 지연될 수 있음을 알려드리오니 이점 양해하여 주시기 바랍니다.

3. 귀하의 문의에 대하여 만족스러운 답변이 되었기를 바라며, 그 밖의 궁금하신 사항은 광주시청 도로관리과 시설정비팀 염담비(☎031-760-2943)에게 연락주시면 성심성의껏 답변 드리겠습니다. 끝.
",2023-03-31,도로관리과
목현천 산책로 보수공사 계획이 있는지 궁금합니다.,"회덕동 회덕교에서 시작되는 목현천 산책로가 지난여름 비 피해로 인해 도로 상태가 엉망인 상태입니다.
산책로 곳곳이 움푹 파여 있고, 크게 훼손되어 있는 구간도 있습니다.
날이 풀린 현시점에 산책로를 조금만 걸으면 많은 시민들이 목현천 산책로를 이용하는 모습을 볼 수 있습니다.
낮에는 밝아서 괜찮지만 밤에 가로등이 밝혀주지 않는 구간에 길이 훼손되어 있어 그곳을 지나는 시민들의 안전에 위험을 야기할 수 있습니다.
하루빨리 목현천 산책로 길이 예전처럼 깨끗한 길이 되길 희망합니다.
이미 공사가 예정되어 있다면 언제부터 복구 작업이 시작되는지도 궁금합니다.",2023-03-30,"1. 우리 시 시정발전에 많은 관심과 애정을 가져 주신 데 대하여 깊은 감사의 말씀을 드립니다.
2. 귀하께서 국민신문고를 통해 신청하신 민원(1AA-2303-1012990) 사항은 ""목현천 산책로 공사 계획 문의""에 관한 것으로 이해되오며 귀하의 민원 사항에 대하여 다음과 같이 답변드립니다.
- 불편을 드린 점 죄송하다는 말씀을 드리며, 작년 호우 피해로 인한 목현천 산책로 복구공사를 추진 중에 있으며, 금년 우기 전(6월말) 공사 준공할 계획임을 알려드립니다.
3. 답변 내용에 대한 추가 설명이 필요한 경우 광주시 지역개발과 하천관리팀 안태현 주무관(☎031-760-2376)에게 연락주시면 안내해 드리도록 하겠습니다. 감사합니다. 끝.
",2023-04-17,지역개발과
경충대로 2149 배수로 관리부실로인한 차량파손,"경충대로 2149 배수로 관리부실로인한 차량파손건으로 민원접수 드립니다. 보상요청 드립니다.


장소 : 경기도 광주시 경충대로 2149
일시 : 2023년 3월 28일 14시 30분경
내용 : 상가이용후 이동도중 차량 뒷바퀴가 빠지며 차량 바퀴손상 및 타이어 펑크(손해액 60만원)",2023-03-28,"1. 안녕하십니까? 귀하께서 국민신문고에 신청하신 민원(신청번호 1AA-2303-0961923)에 대한 검토 결과를 다음과 같이 알려드립니다.
2. 귀하의 민원내용은 삼동 223-7 시도23호선 배수로로 인한 귀하의 차량파손에 대한 영조물 배상 요청에 관한 것으로 이해되며, 귀하의 질의사항에 대해 검토의견은 다음과 같습니다.
가. 귀하의 요청에 대하여는 국가배상법 제5조에 따라 영조물 배상으로 처리가 가능한 사항으로 영조물 배상 사고접수(2023.3.29.)를 완료 하였으며,
나. 사고접수 후 지방행정공제회를 통하여 보험사의 사고조사가 이루어지며, 사고조사 결과에 따라 배상금이 지급됨을 알려드립니다.
3. 귀하의 질문에 만족스러운 답변이 되었기를 바라며, 사고 접수 및 답변 내용에 대한 추가 설명이 필요한 경우 광주시 도로관리과 원민영 주무관(☏031-760-4148)에게 연락주시면 친절히 안내해 드리도록 하겠습니다. 감사합니다. 끝.
",2023-03-30,도로관리과
도척면 584번길 도로불편 신고,"주소상의 위치를 지도로 확인해 보시면 주행 및 코너를 차량이 다니기에 불편한 폭인걸 볼수 있는데

23.03.20 쯤 부터 땅주인이 갑자기 철근봉을 박아버리는 바람에 주행 및 코너 도는게 너무 위험할(차량파손 및 이탈) 정도로 됐습니다.

안쪽으로도 가구수가 꽤 있는데 이렇게 되면 집에 들어가지를 말라는건지... 아니면 차량이 파손되도 감수해야 되는건지....

차량 파손시엔 고스란히 그 비용부담 지는것도 부담스럽고 밤잠을 설칠정도로 스트레스를 받습니다.

정말 빠르게 조치 부탁드립니다.",2023-03-28,"1. 귀하의 가정에 행복이 가득하시길 기원합니다.

2. 귀하께서 국민신문고에 신청하신 민원(신청번호1AA-2303-0943422)에 대한 검토 결과를 다음과 같이 알려드립니다.
가. 귀하의 민원 내용은 광주시 도척면 노곡리 264-22 일원 사유지 비법정도로 주차봉 설치 해소 요청으로 판단됩니다.
나. 지적 및 현장 확인 결과 해당 필지는 공부지목 상 대지인 사유지로, 도로법 적용 대상에서 제외되어 도로관리청의 처분이 제한됩니다.
다. 아울러 해당 필지의 수용(매입) 등을 통한 도로 확장 개설을 위해서는 도시계획도로(예정지)로 편입이 선행되어야 함을 함께 알려드립니다.

3. 답변내용에 대한 설명이 필요한 경우 도척면 행정복지센터 개발팀(031-760-4947), 광주시청 도시계획과(031-760-4799)로 연락주시면 친절히 안내해 드리도록 하겠습니다. 감사합니다. 끝.
",2023-03-31,도척면
구시청 행복청사 공사 때문에 미칠것 같아요.,"공사장과 집과의 거리가 불과 7~8m 입니다.
그동안은 먼지와 분진 때문에 창문을 열수가 없었는데요. 지금은 소음과 분진으로 일상생활을 할 수 가 없어요. 그 흔한 아침 기상후 환기를 할 수 없는 상황입니다. 또 1층 가게서 창문과 문을 열고 영업을 하지 못하고 있어요. 이에 공사중단을 요청드립니다.
(별첨사진: 오늘 아침 소음측정기로 5분 이상 측정함
평균소음: 70db)",2023-03-28,"[공공사업과]
1. 귀하의 가정에 행복이 가득하길 기원합니다.
2. 귀하께서 국민신문고를 통해 요청하신 민원(1AA-2303-0943816) 내용과 관련하여 다음과 같이 답변드리겠습니다.

가. 민원 요지
- 구청사부지 복합건축물 건립공사로 인한 소음, 분진 피해에 따른 조치 요망
나. 답변 내용
- 먼저, 공사 작업으로 인하여 생활불편을 드린점에 대해 사과의 말씀을 드립니다.
- 우리시에서는 노후화된 구청사부지 내 시설물을 철거하고 복합건축물을 신축하여 복지서비스 및 행정서비스를 원스탑으로 제공하고자 「구)청사부지 복합건축물 건립공사」를 추진하고 있습니다.
- 현재 공사로 인한 소음 및 분진 피해 방지를 위하여 천공장비를 감싸는 에어방음벽 설치, 공사장 내 스프링클러 운영 등의 조치를 취하고 있으며, 추가로 건설사업관리단 및 시공사에 지시하여 피해 저감 방안을 강구토록 조치하여 공사로 인한 피해가 최소화 되도록 최선을 다해 나갈 계획임을 알려드립니다.

3. 그 밖의 시설물 공사 관련한 사항에 대해서는 공공사업과 공공사업1팀(☎031-760-5613)으로 문의하시면 성심성의껏 답변해 드리겠습니다. 감사합니다.

[기후탄소과]
1. 귀 가정의 건강과 행복을 기원합니다. 귀하께서 국민신문고에 신청하신 민원(1AA-2303-0943816)에 대한 검토 결과를 다음과 같이 알려드립니다.

2. 귀하의 민원내용은 “공사 분진 및 소음 불편 신고 ”와 관련된 것으로 판단됩니다.

3. 귀하의 민원사항에 대하여 답변내용은 다음과 같습니다.
- 2023. 4. 3.(월) 현장방문하여 현장관계자에게 민원사항을 전달하였으며, 조속히 인력 및 장비를(살수시설 등) 활용하여 도로변 등 주변청소와 함께 소음저감 방안을 강구하고 작업에 임하도록 지도하였으며, 향후 공사소음으로 불편시 연락주시면 공사소음측정이 가능함을 알려 드립니다.

4. 귀하의 질문에 만족스러운 답변이 되었기를 바라며, 답변 내용에 대한 추가 설명이 필요한 경우 광주시 기후탄소과 김소희주무관(☎031-760-5637)에게 연락주시면 친절히 안내해 드리도록 하겠습니다. 감사합니다. 끝.
",2023-04-04,공공사업과
가로등불 어두,"태전동 들어오는 진입로 도로가 너무 어두워요
가로등도 없고 8시밖에 되지않았는데 운전하는데 너무 방해가 되네요,광주는 오늘뿐만 아니라 전체적으로 어두운것같아요.확인해서 바로 처리해주세요",2023-03-26,"1. 안녕하십니까? 귀하께서 국민신문고에 신청하신 민원(신청번호 1AA-2303-0890292)에 대한 검토 결과를 다음과 같이 알려드립니다.

2. 귀하의 민원 내용은 ""태전동 진입로 가로등 보수 요청""에 관한 것으로 판단되며, 귀하의 질의사항에 대하여 검토한 의견은 다음과 같습니다.
가. 태전동에 진입하는 도로가 여러 구간이 있으므로 야간 순찰을 통하여 점검할 예정이오니 참고하여 주시기 바랍니다.
나. 아울러 야간에 순찰을 하여야 하는 사항이므로 점진적으로 구간을 체크하여 진행하며, 미점등 개소에 관하여 순차적으로 보수 작업할 예정입니다.
다만, 현재 가로(보안)등 신설 및 보수 민원이 많으며 기상여건(비, 강풍 등)에 따라 작업이 지연될 수 있음을 알려드리오니 이점 양해하여 주시기 바랍니다.

3. 귀하의 문의에 대하여 만족스러운 답변이 되었기를 바라며, 그 밖의 궁금하신 사항은 광주시청 도로관리과 시설정비팀 염담비(☎031-760-2943)에게 연락주시면 성심성의껏 답변 드리겠습니다. 끝.
",2023-03-31,도로관리과
우수관 훼손 후 미복구 사항 조치 요청함.,"경기도 광주시 도척면 국사봉로 133번길 26-78 맞은편 하천 건너 창고 지으면서 다리를 놓는다고 동의 없이 우수관을 훼손 후 복구하지 않아 우수관이 막혀있습니다.
현재는 우수관 원상복구 없이 다리가 완공되었고 일부 도로가 가복구 되었습니다.
현장 책임자에게 몇 번이나 훼손한 우수관 원상복구를 요청 했으나 해주겠다는 말만 할 뿐 아무 조치 없이 도로 복구가 되어있는 상태여서 민원 신청합니다.
본인들이 공사하면서 우수관을 훼손했으면 당연히 본인들이 복구를 해야 하는 것이며, 기존에 생활하던 주민에게는 피해가 가지 않게 해야 하는 것 아닙니까
그들의 공사로 인해서 비가 오면 우수관이 막혀있어 역류하며, 그로 인해 피해를 왜 감당해야 하는 거죠?
건축 하는 곳에 직접 이야기를 하려니 건축 허가 표지판도 없었습니다. 심지어 공사 진행 시 가림막도 없이 공사하였습니다.
다리 공사 완료로 도로 포장이 완료되기 전에 조치를 취해야 한다는 생각에 민원을 신청합니다.
[회신 요청사항]
1. 훼손한 우수관 복구 요청
2. 우수관 연결 복구 과정 사진 첨부 요청(허술하게 연결하여 추후 끊어질 시 다시 똑같은 문제 발생을 방지하기 위해 제대로 복구하길 요청함.)
3. 복구 일시 통보 요청(저희가 없을 때만 공사 합니다. 복구 일시를 통보해주시기 바랍니다.)",2023-03-26,"1. 평소 광주시 행정에 많은 관심을 가져주신데 대하여 진심으로 감사드립니다.
2. 귀하께서 국민신문고를 통해 신청하신 (1AA-2303-0883731) 민원에 대한 검토 결과를 아래와 같이 알려드립니다.
3. 귀하의 민원내용은
- 도척면 진우리 916번지(810-1번지 인근)일원 소하천 구간 내 교량공사로 인해 파손된 우수관로 복구 요청
4. 귀하의 질의사항에 대해 검토한 의견은 다음과 같습니다.
- 도척면 진우리 916번지 일원 소하천 공사(교량 설치)로 인해 파손된 우수관로 복구 요청사항에 대해 교량공사 수허가자에게 내용을 전달하였고, 파손된 우수관로에 대해 복구 완료하였음을 알려드립니다.
5. 귀하의 질문에 만족스러운 답변이 되었기를 바라며, 답변 내용에 대한 추가 설명이 필요한 경우 광주시 하천재산팀 김도형 주무관(☎031-760-2905)으로 연락주시면 친절히 안내하여 드리도록 하겠습니다. 감사합니다. 끝.
",2023-04-03,재산관리과
