불용어,,
경상남도,,
창원시,,
의창구,,
경남,,
마산역,,
진해구,,
마산역,,
경남도청,,
대방동,,
창원,,
도계동,,
합성동,,
성산구,,
양덕동,,
용원동,,
구암2동,,
명서동,,
합포동,,
김해시,,
사파동,,
마산합포구,,
자은3지구,,
용원동,,
부산,,
합포구,,
마산,,
내서읍,,
가음정,,
상복사거리,,
덕산동,,
팔용동,,
장천,,
북면,,
창곡로,,
삼호로,,
진해,,
북창원,,
소계동,,
봉곡동,,
장유,,
창원,,
충혼로,,
봉암동,,
성주동,,
마산,,
서상구,,
소답동,,
현동,,
경상남도 창원시 의창구,,
풍호로,,
우산동,,
남문동,,
봉림동,,
반지동,,
북면,,
시락리,,
신촌동,,
창원~진해,,
외동반림로,,
칠원읍,,
진해구,,
대원동,,
명서2동,,
석동,,
월영동,,
마산회원구,,
완월동,,
여좌동,,
신포동,,
사파동,,
해운동,,
구암동,,
귀산동,,
가음동,,
팔룡동,,
안민동,,
구암동,,
용지동,,
반송동,,
상남동,,
평산동,,
김해,,
진영,,
김해시 생림면 나전리,,
내외동,,
서상동,,
불암동,,
김해,,
율하,,
구산동,,
주촌,,
통영시,,
미수동,,
생림면,,
당동,,
통영,,
정량동,,
내덕동,,
회원동,,
진영읍,,
진영리,,
전하동,,
삼성동,,
상문동,,
양산시,,
석산,,
아주동,,
거제면,,
양산역,,
덕계,,
회원동,,
거제시,,
장평동,,
능포동,,
자은동,,
양정동,,
옥포1동,,
신월동,,
상동동,,
옥포동,,
명곡동,,
부림동,,
남산동,,
자은동,,
죽곡동,,
용호동,,
석전동,,
장천동,,
반림동,,
사림동,,
자은동,,
안골동,,
중앙동,,
\n,,
풍호동,,
남양동,,
사파정동,,
월남동,,
두월동2가,,
창포동3가,,
자산동,,
남성동,,
오동동,,
교방동,,
산호동,,
중앙동2가,,
화영동,,
신포동1가,,
월남동5가,,
중앙동3가,,
홍문동,,
교원동,,
대아동,,
창동,,
충무동,,
무동,,
4차로,,
2개소,,
305동,,
6층 창문,,
CU편의점 옆,,
2개,,
논,,
안내판,,
9월 3일,,
사랑의 교회,,
성주사역 사거리,,
명동,,
11월 11일,,
창원시,,
의창구,,
성산구청,,
진해구,,
냉천로,,
성산구,,
상남동,,
창원,,
경상남도,,
창원시,,
의창구,,
양덕북4길,,
합성옛길,,
창원대 동문,,
상동로,,
성산구,,
속천동,,
마산해안수변공원,,
회야골 삼거리,,
진해구,,
창원시,,
냉천사거리,,
충장로445번길 11,,
하남천,,
경남,,
창원시,,
마산,,
합포구,,
회성동,,
마산합포구,,
통영시,,
2층,,
2층옥상,,
"3, 4단지",,
3,,
4단지,,
305동,,
3단지,,
경남 도청,,
3층,,
4단지,,
5층,,
85B타입,,
98년도,,
창원시,,
지개남산간 도로,,
교방1구역,,
명곡로타리 사거리,,
"1, 2단지",,
"1,2단지",,
103동,,
104만,,
통합 창원시,,
10월 3일,,
10월12일부터,,
3일간,,
10일,,
1103-5,,
11월 6일,,
305동,,
중앙공원,,
관리사무소,,
12/19일,,
12월 18일,,
12월 19일 화요일,,
오전 10시,,
12월,,
1500평 이하,,
1500평,,
이하,,
15년도,,
15층 미만,,
15층 이하,,
15층,,
15층이하건물,,
15평,,
16층 이하,,
16층,,
19년말,,
1m,,
1가구,,
1년,,
1단지 2단지,,
창원시,,
1단지,,
2단지,,
1월 2월,,
1정문,,
5게이트,,
1차 아파트 입구,,
1차,,
1층 상가,,
1회,,
2회,,
2003년,,
2009년도,,
3평,,
2010년 12월 17일,,
13:10,,
2010년 8월,,
11월,,
2010년,,
2014년,,
성산구,,
2015년,,
2016. 05. 30,,
창원시,,
2016,,
9,,
19,,
오후,,
2시,,
15분,,
2016년,,
2017년 7월,,
2017년 7월,,
4월 19일,,
2018년 6월,,
2018년 말,,
2018년,,
2019년,,
2019년9월29일,,
양곡나들목,,
2019년도,,
2020-12-07,,
2020. 7. 29,,
21시 23분,,
경남,,
창원시,,
성산구,,
적현로,,
2020. 9월경,,
마산회원구,,
팔용,,
2020년 5월,,
2020년 6월,,
2020년,,
4월,,
2020년3월,,
2020년9월23일,,
2시30분,,
진해구,,
2021년 02월 06일,,
2021년,,
2022년,,
2030,,
30년,,
창원시 도시주거환경,,
4320년 12월 14일,,
20년,,
20년쯤 전,,
4321년 03월 19일,,
24시간,,
25년 정도,,
25호선,,
2개,,
2개소,,
2년 전,,
2단지,,
2시,,
2월 24일,,
2지구,,
4지구,,
2차선,,
2차아파트,,
2층,,
1층,,
2층옥상,,
2회,,
"3, 4단지",,
"3,4단지",,
3,,
4단지,,
2단지,,
기존 1,,
3~4년,,
305동,,
306동,,
32861,,
34평,,
35년,,
39사 유니시티 아파트,,
39사,,
3년,,
3단지,,
305동,,
3월 마지막 주,,
3차,,
4/24일,,
43년째,,
4건,,
4단지,,
4월 28일,,
4월 7일,,
4월 말쯤부터,,
4월,,
4월 28일,,
50년,,
5년간,,
5월 7일,,
5월,,
아침 6시 반,,
5인,,
5일장,,
5차,,
5층,,
5층미만,,
6M이하,,
6개월째,,
6년 전,,
6월 5일,,
6월,,
"500,000원",,
70평,,
30평,,
40평,,
7월 22일,,
7월 7일,,
85B타입,,
8시 이전,,
8시,,
8월 25일,,
8월 26일,,
8월,,
98년도,,
9시경,,
9월 1일,,
9월 3일,,
2공장,,
5게이트,,
SPP-1610-1203858 도로,,
창원시,,
합포구청,,
의창구청,,
가음 1구역,,
가음,,
가음4구역,,
가음6구역,,
가음근린공원,,
가음시장대상가,,
가음정,,
가음정동,,
기업사랑공원,,
창원시,,
가음정동민원센터,,
가음정로,,
가음정시장,,
가음정주공,,
가음정천,,
가음주공아파트,,
가음천,,
가촌리,,
가포 4통,,
창원시,,
가포,,
가포동,,
가포라인,,
가포지구,,
창원시,,
의창구,,
성산구,,
감계 5일장,,
감계,,
덕산,,
감계2지구,,
감계3호,,
감계리,,
감계장,,
감계지구,,
의창구청,,
강서구,,
석동,,
진해구청,,
거제,,
아주동,,
중앙로,,
거제도,,
거제도 애광원,,
거제면,,
거제시,,
거제시청,,
건물 1층,,
합포구청,,
창원,,
창원시,,
마산합포구,,
진해구,,
용원동,,
성산구,,
봉곡동,,
창원시,,
성산구,,
회원구 회원사거리,,
진해구청,,
성산구,,
중앙동,,
진해구,,
의창구,,
성산구청,,
의창구,,
의창구청,,
회원구청,,
마산합포구,,
진해구청,,
마산합포구청,,
창원시,,
의창구,,
경남,,
창원시,,
20%,,
팔용동,,
진북면,,
창원시,,
진해구,,
자은동,,
자은로,,
냉천로,,
냉천 3교,,
진해대로,,
해원로,,
경관지구,,
경기도,,
수원시,,
경남 100경,,
경남 창원시 성산구,,
경남 창원시 진해구,,
경남 창원시,,
의창구,,
상동동,,
경남,,
김해시,,
한림면,,
송학점,,
양산시,,
용잠리,,
장천동,,
창원시 진해구,,
화천동,,
마산,,
합포구,,
회원구,,
가음정동,,
상남동,,
신촌동,,
양곡동,,
여좌로,,
냉천로,,
진해구,,
창원시,,
의창구,,
진해대로,,
마산 회원구,,
19년말,,
경상남도,,
창원,,
마산어시장,,
자은로,,
경남,,
충장로,,
마산,,
자은천,,
자은3교,,
동진로,,
신이천,,
3월,,
냉천3교,,
태평로,,
진해구,,
냉천로,,
냉천 사거리,,
진해기적의도서관,,
진해구,,
2층옥상,,
3단지,,
마산회원구청,,
진해구,,
의창구,,
경상남도 창원시 진해구,,
사파점,,
충장로,,
냉천삼거리,,
덕산로,,
냉천사거리,,
월영동행정복지센터,,
창원도시계획,,
경상남도 창원시 진해구,,
충장로,,
진해대로,,
망개산,,
성산구,,
합성동,,
통학로,,
속천항 나가야등대,,
냉천 3교,,
냉천3교,,
중앙역,,
감계리,,
양곡동,,
회야골 삼거리,,
진해루,,
태백동,,
석동,,
경화동,,
풍호동,,
진해구,,
의창구,,
남문지구,,
남문,,
동천2교,,
창원,,
진해구,,
1차,,
창원시,,
진해구,,
4차,,
의창구,,
4월,,
마산합포구,,
완월동,,
삼귀 민원센터,,
23층,,
의창구청,,
토월천사거리,,
창원,,
삼동동,,
오동동,,
마산,,
북성로,,
냉천사거리,,
월영동행정복지센터,,
의창구,,
경남,,
진해대로,,
자은동,,
신이천,,
진해변전소,,
희야골 삼거리,,
창원종합건재철물,,
상남동,,
남문지구,,
남문,,
동천2교,,
1차,,
삼동동,,
오동동,,
2회,,
충무동,,
마창진,,
진해변전소,,
태백동,,
자은주공,,
해군 동산동 오션빌,,
3층,,
안곡동,,
덕산동,,
올해 2월경,,
북면,,
제왕산동,,
태백동,,
의창구,,
상남동,,
남문,,
남문지구,,
동천2교,,
진해구,,
창원시,,
상남동,,
창원,,
창원시,,
진해시,,
진해구,,
경남,,
완암사거리,,
성산구,,
창원시,,
진해구,,
창원광역시,,
마산합포구,,
마산회원구,,
창원시,,
마산합포구,,
창원시,,
의창구청,,
토월천사거리,,
창원,,
창원시,,
경상남도 창원시,,
진해,,
삼동동,,
진해구,,
마산,,
오동동,,
창원시,,
진해구,,
자은동,,
마산합포구,,
진해구,,
충무동,,
창원시,,
진해구,,
창원시,,
진해구,,
창원시,,
의창구,,
성산구,,
진해,,
성주동,,
경상남도,,
창원시,,
진해구,,
창원시,,
진해구,,
제왕산동,,
진해루,,
창원시,,
진해구,,
태백동,,
경상남도,,
창원시,,
진해구,,
창원시,,
진해구,,
창원,,
마산합포구,,
진해구,,
자은동,,
경상남도,,
창원시,,
진해구,,
해군 동산동 오션빌,,
진해구,,
자은동,,
창원시,,
진해구,,
경남,,
창원시,,
진해구,,
자은동,,
진해구,,
안곡동,,
창원,,
창원시,,
진해구,,
안곡동,,
덕산동,,
창원시,,
진해구,,
삼거리,,
덕산동,,
창원시,,
진해구,,
삼거리,,
자은동,,
진해구,,
마산합포구,,
상남동,,
경남,,
창원,,
창원시,,
진해시,,
경상남도,,
창원시,,
진해구,,
냉천로,,
석동로,,
경상남도,,
창원시,,
성산구,,
경상남도,,
창원시,,
진해구,,
냉천로,,
냉천3교,,
창원,,
성산구청,,
합포구,,
경남,,
창원시,,
의창구,,
마사회원구,,
합포구,,
경남,,
창원시,,
진해구,,
속천항,,
창원대로,,
상남터널,,
진해구,,
냉천로,,
차원시,,
냉천중학교,,
창원시 성산구,,
창원시,,
의창구,,
경남,,
창원시,,
진해구,,
성산구,,
증평동,,
경남,,
창원시,,
성산구,,
상남동,,
진해구,,
양덕동,,
마산회원구,,
태평동,,
진해구,,
창원시,,
진해구,,
덕산동,,
자은동,,
석동,,
진해구,,
냉천로,,
자은동,,
냉천3교,,
경남,,
창원시,,
진동면,,
회성동,,
광려천,,
웅동,,
무동,,
의창구,,
창원시,,
마산합포구,,
서마산IC,,
감계,,
합성동,,
창원시,,
창원시,,
마칭대교,,
의창구,,
사림로99번길,,
남산로113번길,,
사화공원,,
대상공원,,
무동,,
진해,,
마산회원구,,
창원,,
합성동,,
창원시,,
감리,,
감계,,
덕산,,
지난 10.12~14일까지,,
진해구,,
창원천,,
창원시,,
창원,,
북면,,
창원시,,
감계,,
창원,,
감리,,
북면,,
감계,,
감리,,
감계,,
창원시,,
10월12일부터,,
3일간,,
2016년,,
창원시,,
용지호수,,
소답동,,
창원시,,
북면,,
감계리,,
남문동,,
진해,,
창원,,
창원시,,
마산회원구,,
창원시,,
창원,,
북면,,
두동지구,,
진해구,,
북면,,
창원시,,
의창구,,
산 771,,
마산,,
합성동,,
내서읍,,
창원시,,
마산회원구,,
석전사거리,,
8월 26일,-7989,
2지구,,
4지구,,
창원시,,
북면신도시,,
창원시,,
마산합포구,,
예곡지역,,
수정산단,,
2018년,,
북면,,
창원시,,
석전동,,
서마산,,
창원시,,
창원대로,,
진해구 용원동,,
합성동,,
웅천중,,
창원시,,
마산회원구청,,
창원시,,
의창구,,
북면,,
감계,,
해안로,,
창원,,
차룡단지로,,
상남동,,
가음정동,,
무동,,
동전 산업단지,,
경남,,
창원시,,
의창구,,
앤골약수터,,
원이 대로,,
장충금,,
창원시,,
창원시,,
성산구,,
진해구,,
창원,,
동전산단,,
동전산업단지,,
창원,,
북면,,
경남,,
창원시,,
의창구,,
창원,,
의창구청,,
창원,,
동전산단,,
진해구,,
중동,,
창원,,
동전산업단지,,
창원동전산업단지,,
창원시,,
마산회원구,,
3월 마지막 주,,
창원시,,
팔룡터널,,
창원시,,
성산구,,
창원,,
동전산업단지,,
창원시,,
의창구,,
내서읍,,
삼계교차로,,
마산회원구,,
8월 26일,,
3월 마지막 주,,
북면,,
창원시,,
소로1류 국지도로,,
창포만,,
용지동,,
성산구,,
진해구,,
마산합포구,,
수정산업단지,,
부산신항,,
창원시,,
의창구,,
합성1동새마을금고,,
마산합포구,,
진해구,,
창원시,,
수정산단,,
팔용산,,
창원시,,
진해,,
의창구,,
석전1구역,,
웅남동,,
12월,,
대방동,,
창원시,,
평산로,,
명곡지구,,
의창구,,
진해구,,
마산회원구,,
마산합포구,,
창원,,
중앙역,,
창원시,,
의창구,,
4층,,
수정산단,,
안민고개,,
진해구,,
의창구,,
경남,,
창원시,,
중동,,
창원,,
용지사거리,,
중앙동,,
마산회원구,,
가음1구역,,
의창구,,
2층,,
1층,,
창원시,,
마산항,,
북면,,
가음1구역,,
마산합포구,,
진해구,,
상남동,,
북면,,
창원시,,
가음 1구역,,
창원시,,
창원,,
용잠리,,
성산구,,
마산회원구,,
창원시,,
합포구,,
냉천로,,
의창구,,
성산구,,
경화동,,
5일장,,
창원시,,
의창구,,
봉곡동,,
창원,,
창원시,,
마산합포구,,
합류지점,,
창원대,,
북면신도시,,
진해,,
구원포동,,
창원시,,
용동,,
웅동관광단지,,
진해구,,
창원시,,
북면,,
동전산업단지,,
동전산단,,
농수로,,
창원,,
의창구,,
마산,,
창원,,
동전산업단지,,
진해구,,
창원시,,
진해구,,
창원,,
창원시,,
동전산단,,
국도79호선,,
진해구,,
마산회원구,,
회원3지구,,
월영남8길,,
34,,
진해구,,
교방동,,
북면,,
1순위,,
합성동,,
마산,,
봉암다리,,
달천계곡,,
국지도60호선,,
진해,,
녹지부지,,
마산 방향,,
창원 방향,,
진해,,
창원,,
의창구,,
신월동,,
창원시,,
마산합포구,,
마산회원구,,
새마을 사거리,,
밤 10시,,
진해,,
11시,,
상남동,,
의창구,,
성산구,,
창원,,
창원시,,
태복산,,
명곡동,,
북면 무동지구,,
반송시장,,
팔용동,,
경화역,,
양덕2동,,
구산면,,
시청로터리,,
북면,,
북면온천,,
정렬대로,,
내곡천교,,
진해,,
북부동,,
회원 1구역,,
창원 시청,,
외벽등,,
마산역,,
창원시청,,
진전면,,
금암리,,
중촌마을,,
아랫마을,,
창원시,,
의창구,,
창원,,
진해,,
대야동,,
성주동,,
북면,,
밀양,,
동읍,,
한림,,
가음6구역,,
창원,,
가음정동,,
창원,,
기업사랑공원,,
회원1구역,,
마산합포구,,
합성1동,,
회성동,,
창원,,
월영,,
부영,,
진해시,,
가음동,,
회성동,,
현동지구,,
경화역,,
회성동,,
진해구,,
북면,,
감계리,,
창원시,,
검도장,,
웅천남산지구,,
남문지구,,
창원,,
북면신도시,,
무동,,
감계,,
회성동,,
창원,,
북면 무동지역,,
용지 호수 근처 상가,,
회성동,,
자은3지구,,
회성동,,
불종로,,
작년 10월경,,
용호동,,
창원,,
도계동,,
용잠삼거리,,
창원시,,
의창,,
성산구,,
의창구,,
중동지구,,
상곡교,,
태복산,,
지개남산도로,,
팔용로,,
마산회원구,,
"1, 2, 3단지",,
구름다리,,
연결다리,,
창원시,,
39사,,
중동,,
성산구,,
창원대로,,
용지로169번길,,
제덕동,,
제덕동,,
창원,,
성산사거리,,
가포지구,,
수변공원,,
진전면,,
금암리,,
창원시,,
창원역,,
중동,,
의창구,,
북면,,
마산리,,
국유지,,
창원시,,
중동,,
성산구,,
진해구,,
마산,,
도계 체육공원,,
태복산,,
간선도로,,
진해구,,
용원동,,
감계,,
창원시,,
의창구,,
용잠리,,
1166-4,,
내서,,
개천,,
4단지,,
비음산터널,,
국도25호선,,
중동,,
진해,,
창원,,
창원시,,
의창구,,
한국은행 사거리,,
창원시,,
의창구,,
태복산,,
마산회원구,,
창원시청,,
공동주택단지,,
공공부지,,
합포구청,,
8층~10층,,
5월 7일,,
아침 6시 밤,,
의창구,,
진해구,,
창원시,,
의창구,,
산호동,,
남산동,,
창원시,,
의창구,,
창원,,
창원시,,
마산합포구,,
진해구,,
광암,,
창원,,
창원시,,
마산합포구,,
금산리,,
창원시,,
97번지,,
명곡 지구,,
마산,,
진해구,,
5층,,
양덕동,,
마산합포구,,
5층,,
창원시,,
진해구,,
5층,,
마산시,,
원이대로,,
창원,,
의창구,,
자투리땅,,
웅남공원,,
경남,,
창원시,,
진해구,,
의창구,,
신월1구역,,
단일로,,
창원시,,
합포구,,
팔용산,,
창원시,,
웅동2동,,
명곡,,
창원시,,
진해구,,
2층,,
진해구,,
5층,,
11월 10일,,
진해구청,,
창원시청,,
창원시,,
창원시장,,
성산구,,
창원시,,
진해시,,
동전산단,,
도계동,,
소답동 빌라촌,,
창원시,,
마산합포구,,
창원시,,
의창구,,
창원시청,,
성산구청,,
창원대로,,
성산구,,
상남시장,,
경남,,
창원시,,
의창구,,
마산호계운동장,,
창원시,,
진해구,,
남문지구,,
건물 5층,,
창원시,,
의창구,,
진해구,,
5층,,
진해구,,
창원시,,
북면,,
동전산업단지,,
의창구,,
용호고 사거리,,
한국재료연구원,,
용지 문화공원,,
마산서항부두,,
합성동,,
두릉길,,
팔용사거리,,
마산합포구,,
"1, 2단지",,
창원,,
북면,,
창원시,,
북면,,
창원시,,
39사,,
제덕동,,
합포구,,
비음산터널,,
동읍,,
용전리,,
남산리,,
덕산리,,
진해,,
1회,,
2회,,
3차,,
사화공원,,
공공청사,,
119안전센터,,
2필지,,
민원센터,,
창원시,,
진해구,,
도교육청,,
창원시,,
창원,,
의창구,,
창원중앙역세권,,
토월 ic,,
60대,,
상남동,,
74-6번지,,
경남,,
창원,,
경상남도,,
창원시,,
성산구,,
마산회원구,,
창원,,
의창구,,
북면,,
감계 무동지구,,
창원,,
해운대구,,
회원1지구,,
"유니시티1,2단지",,
5월 13일,,
4월,,
창원시,,
용지사거리,,
원이대로,,
창원시청,,
창원시,,
의창구,,
봉곡동,,
1단지 2단지,,
팔용동,,
창원,,
중문,,
용지못,,
창원시,,
5센치,,
구청,,
"1,2단지",,
창원시,,
중동지구,,
회원3구역,,
창원,,
의창구,,
회원1구역,,
지귀시장,,
1단지,,
창원시,,
"1, 2단지",,
외벽,,
창원시,,
의창구,,
"1, 2단지",,
창원,,
진해구,,
1단지,,
의창구,,
1단지,,
의창구,,
창원,,
창원시,,
2단지,,
의창구,,
중앙공원,,
2 단지,,
1 단지,,
1단지,,
1,,
창원,,
"1, 2단지",,
"3, 4단지",,
창원시,,
녹지공원,,
12월 18일,,
의창구,,
동전일반산업단지,,
창원,,
동전일반산단,,
상남동,,
3,,
4단지,,
임향선 철길,,
한국방송통신대학교,,
2018년,,
여좌지구,,
창원시,,
창원,,
의창구,,
창원시,,
2월 24일,,
창원시,,
창원,,
창원시,,
35년,,
봉암교,,
도계동,,
양덕2동,,
4월,,
창원시,,
진해구,,
진해,,
삼일오대로,,
315대로,,
"1, 2단지",,
"3, 4단지",,
창원시,,
진해,,
충무 지구,,
창원시,,
의창구,,
사화공원,,
안국사,,
창원,,
창원국가산업단지,,
사화공원,,
감계2지구,,
의창구,,
사화공원,,
창원시,,
1단지,,
무동진입로,,
경상남도,,
창원,,
양지타운,,
우품질검수,,
11월,,
창원시,,
경남도,,
경남 도청,,
월영동,,
305동,,
3단지,,
305동,,
11월6일,,
중동,,
11월 6일,,
중앙공원 내,,
중앙공원,,
창원,,
함포구,,-13225
11월 6일,,
305동,,
 중앙공원,,
중앙공원,,
월영동,,
가포동,,
창원시,,
북면,,
회원동,,
안국사,,
마산회원구,,
북면,,
신천교,,
신천교위,,
회성동,,
창원,,
회성동,,
1단지,,
경상남도,,
창원시,,
진해구,,
충장로,,
충장로 인근,,
경화시장,,
경상남도,,
창원시,,
의창구,,
창원시,,
마산회원구,,
합성동,,
3층,,
경상남도,,
창원시,,
진해구,,
의창구,,
창원시,,
경상남도,,
서울,,
창원시,,
경상남도,,
창원시,,
성산구,,
양곡동,,
소계동,,
의창구,,
창원시,,
의창구,,
경상남도,,
창원시,,
진해구,,
마산회원구,,
의창구,,
진해구,,
구암동,,
충장로,,
마산합포구,,
경상남도,,
창원시,,
진해구,,
진해대로,,
중앙고삼거,,
진해구,,
경상남도,,
창원시,,
진해구,,
진해구,,
여좌로,,
창원시,,
1년,,
창원,,
용호동,,
경상남도,,
창원시,,
진해구,,
마산합포구,,
창원교방1구역,,
경상남도,,
창원시,,
진해구,,
마산회원구,,
명서동505-5,,
창원시,,
마산회원구,,
경상남도,,
창원시,,
의창구,,
용동삼거리,,
2020. 9월경,,
의창구,,
마산회원구,,
팔용동,,
심온길,,
봉곡 삼거리,,
6월 장마,,
7-8월 태풍,,
창원시,,
마산회원구,,
2주,,
경상남도,,
창원시,,
진해구,,
마산회원구,,
의창구,,
성산구,,
창원시,,
진해구,,
중층단지,,
냉천로,,
냉천중,,
경상남도,,
창원시,,
마산합포구,,
냉천사거리,,
창원시,,
의창구,,
경상남도,,
창원시,,
진해구,,
창원시,,
마산회원구,,
진동면,,
진동리,,
424,,
창원,,
경상남도,,
창원시,,
마산회원구,,
창원시,,
진해구,,
창원시,,
경상남도,,
진해구,,
경상남도 창원시,,
진해구,,
진해대로,,
경상남도,,
창원시,,
진해구,,
동진로,,
경상남도,,
창원시,,
진해구,,
동진로,,
진해구,,
자은5,,
경상남도,,
창원시,,
진해구,,
진해대로,,
자은로,,
냉천로,,
동진로,,
경상남도,,
창원시,,
진해구,,
동진로,,
창원시,,
진해구,,
자은로,,
시청사거리,,
의창구,,
마산합포구,,
장천동,,
충장로,,
경상남도,,
창원시,,
진해구,,
경찰청사거리,,
성산구,,
경상남도,,
창원시,,
의창구,,
진해구,,
행암로,,
동읍,,
진해남중,,
진해대로,,
무동초,,
중앙고삼거리,,
창원축산농협,,
2개,,
마산회원구,,
2구역,,
경상남도,,
창원시,,
의창구,,
경상남도,,
창원시,,
진해구,,
의창구,,
진해대로,,
창원시,,
진해구,,
충장로,,
자은로,,
의창구,,
창원교방1구역,,
의창구,,
창원시,,
진해구,,
냉천로,,
지상 1층,,
2층,,
경상남도,,
창원시,,
진해구,,
장복터널,,
경상남도,,
창원시,,
진해구,,
냉천로,,
창원시,,
마산회원구,,
창원,,
경상남도 창원시 진해구,,
해원로,,
회원2구역,,
의창구,,
진해대로,,
냉천사거리,,
창원시,,
성산구,,
장복로사거리,,
마산회원구,,
마산합포구,,
창원시,,
진해구,,
마산합포구,,
의창구,,
진해대로,,
도계점,,
진해구,,
창원시,,
마산회원구,,
팔용동,,
경상남도,,
창원시,,
의창구,,
내곡지구,,
마산회원구,,
용지호수,,
충장로,,
창원시,,
진해구,,
8개월,,
신포동,,
창원시,,
진해구,,
이동교,,
창원시,,
진해구,,
의창구,,
진해구,,
북면,,
공업지역,,
마산합포구,,
무궁화공원,,
도계동,,
의창구,,
냉천로,,
진해구,,
경상남도,,
창원시,,
진해구,,
태백로,,
해원로,,
해원로 사ㅓ리,,
경화시장,,
진해구,,
경상남도,,
창원시,,
의창구,,
팔룡동,,
성산구,,
회원구청,,
의창구,,
월남동,,
의창구,,
창원시,,
용호동 거리,,
마산회원구,,
창원시,,
진해구,,
창원시,,
의창구,,
내서읍,,
경상남도,,
창원시,,
마산합포구,,
진해구,,
의창구,,
경남,,
창원시,,
마산회원구,,
창원시,,
창원,,
경상남도,,
창원시,,
진해구,,
진해대로,,
돌리사거리,,
창원시,,
진해구,,
경화시장,,
경상남도,,
창원시,,
중앙역,,
창원,,
경상남도,,
창원시,,
진해구,,
진해대로,,
동진로,,
경상남도,,
창원시,,
진해구,,
충장로,-14893,
창원시,,
의창구,,
진해구,,
동진로,,
명서동,,
돌리사거리,,
경상남도,,
창원시,,
진해구,,
석동,,
냉천사거리,,
진해구,,
창원시,,
의창구,,
경상남도,,
창원시,,
신촌동,,
나라장터,,
경상남도,,
창원시,,
마산합포구,,
자은동,,
창원시의창구,,
사화공원,,
의창구,,
도계동,,
경상남도,,
창원시,,
마산합포구,,
진동면,,
의창구,,
충장로,,
창원시청,,
경화시장,,
경상남도,,
창원시,,
의창구,,
자은동,,
자은2교,,
경상남도,,
창원시,,
의창구,,
창원시,,
합포구,,
육호광장,,
경상남도,,
창원시,,
진해구,,
자은2교,,
1층,,
1층 개,,
3층 개,,
늦은 시간,,
저녁,,
2020. 7. 29,,
21시 23분,,
경남,,
창원시,,
성산구,,
적현로,,
창원시,,
진해구,,
냉천로,,
창원시 진해구,,
봉암다리,,
용지로,,
팔용동,,
명서동,,
상남동,,
마산합성동,,
마산댓거리,,
오동동,,
마산합포구,,
장복대로,,
경상남도,,
창원시,,
경상남도,,
창원시,,
진해구,,
창원시,,
마산합포구,,
진해구,,
경상남도,,
창원시,,
진해구,,
냉처노,,
창원시,,
냉천로,,
진해구,,
의창구,,
마산합포구,,
창원시,,
진해구,,
의창구,,
창원시,,
진해구,,
경상남도,,
창원시,,
마산합포구,,
창원시,,
의창구,,
경상남도,,
창원시,,
의창구,,
창원시,,
회원구청,,
마산회원구,,
합성동,,
진해구,,
냉천로,,
월영동,,
경상남도,,
창원시,,
마산합포구,,
진동면,,
지농리,,
성산구,,
창원시,,
성산구,,
마산합포구,,
구산면,,
유산리,,
김해,,
무계지역,,
마산회원구,,
오동동,,
창원시,,
의창구,,
경상남도,,
창원시,,
성산구,,
중앙동,,
팔용서점,,
경상남도,,
창원시,,
의창구,,
경상남도 창원시,,
마산회원구,,
합성동,,
구암남1길,,
합성동,,
경상남도,,
창원시,,
의창구,,
마산회원구,,
합성1동행정복지센터,,
동마산시장,,
경상남도 창원시,,
마산회원구,,
창원시,,
진해구,,
용원동,,
경상남도,,
창원시,,
진해구,,
경화시장,,
창원시,,
진해구,,
창원역,,
5명,,
3명,,
마산합포구,,
의창구,,
팔용동,,
소계동,,
팔용로,,
합성동,,
경상남도,,
창원시,,
의창구,,
합성동,,
구암남1길,,
충장로 사거리,,
경상남도,,
창원시,,
진해구,,
풍호 오거리,,
충장로,,
마산합포구,,
경상남도,,
창원시,,
의창구,,
창원 대로,,
냉천로,,
경화동,,
용지로,,
창원시,,
진해구,,
자은로,,
진해구,,
냉천로126번길,,
용원 어시장,,
경상남도,,
창원시,,
마산회원구,,
합성동,,
남문지구,,
진해구,,
냉천로,,
창원시,,
충장로,,
냉천로,,
의창구,,
창이대로,,
창원시,,
진해구,,
안전장구,,
냉천로,,
자은민원센터,,
창원시,,
진해구,,
진해대로,,
해원로,,
이동로,,
마산회원구청,,
창원시,,
진해구,,
팔용동,-15737,
진해구,,
창원시,,
동진로,,
충장로,,
의창구,,
경상남도,,
창원시,,
충장로,,
냉천3교 삼거리,,
냉천로,,
경남,,
창원시,,
의창구,,
경상남도,,
창원시,,
진해구,,
진해로,,
달천계곡,,
창원시,,
창원,,
진해구,,
경상남도 창원시,,
냉천로,,
자은로,,
경상남도,,
창원시,,
진해구,,
충장로,,
진해구,,
합성8길,,
진해구,,
경화로,,
경상남도 창원시,,
진해구,,
덕산로,,
경상남도,,
창원시,,
진해구,,
충장로 경화시장,,
자은로,,
냉천로,,
광려천조성사업,,
충장로,,
경상남도,,
창원시,,
충장로,,
진해로,,
이동로,,
마산합포구,,
의창구,,
경상남도 창원시,,
경상남도,,
창원시,,
마산합포구,,
의창구,,
경상남도,,
성산구,,
의창구,,
창원시,,
마산합포구,,
경상남도,,
창원시,,
진해구,,
충장로,,
경상남도,,
창원시,,
진해구,,
냉천로,,
경상남도,,
창원시,,
진해구,,
팔용동,,
진해구,,
창원시,,
동진로,,
충장로,,
의창구,,
경상남도,,
창원시,,
여좌지구,,
경화시장로,,
경화시장,,
냉천로,,
경상남도,,
창원시,,
충장로,,
경상남도,,
창원시,,
의창구,,
진해대로,,
신이2교,,
경상남도,,
의창구,,
창원시,,
경상남도,,
의창구,,
이동로,,
신포동1가,,
천자로,,
창원시,,
진해구,,
경상남도,,
창원시,,
진해구,,
용원동,,
용원동로,,
마산회원구,,
충장로,,
벚꽃마을,,
경상남도,,
창원시,,
의창구,,
천자로,,
이동사거리,,
충장로,,
창워니,,
의창구,,
삼호로,,
경상남도,,
창원시,,
마산회원구,,
진해구,,
창원시,,
경상남도,,
창원시,,
진해구,,
진해대로,,
용원동,,
마산,,
5번 국도,,
신감,,
감천,,
가음4구역,,
경상남도,,
창원시,,
의창구,,
마산합포구,,
경상남도,,
창원시,,
의창구,,
의창구청,,
동읍,,
자여로,,
경상남도,,
창원시,,
진해구,,
충장로,,
성산구,,
냉천로,,
중동,,
내서,,
마산,,
회원구,,
진해구,,
북면,,
의창구,,
도계동,,
마산합포구,,
소답동,,
신월동,,
의창구,,
중동,,
창원시,,
성산구,,
원이대로,,
창원시,,
마산합포구,,
명서동,,
용호동 거리,,
중동,,
해운동,,
팔용동,,
명서동,,
상남동,,
창원시,,
마산합포구,,
진해구,,
창원,,
의창구,,
성산구,,
서상동,,
마산회원구,,
남문동,,
진해,,
웅동,,
진해구,,
도만동,,
산호동,,
냉천사거리,,
마산회원구,,
3호광장,,
진해대로,,
의창구,,
합성1동,,
건축법 2조,,
경남,,
창원시,,
용원복지회관,,
진해구,,
경화역,,
용원동,,
진해구,,
경기도,,
수원시,,
팔달구,,
경상남도,,
창원시,,
마산합포구,,
남양동,,
창원시,,
진해구,,
충장로,,
염전사거리,,
진해대로,,
경상남도,,
창원시,,
진해구,,
자은동,,
창원,,
사파동,,
냉천로,,
충장로,,
창원시,,
진해구,,
경상남도,,
창원시,,
진해구,,
냉천3교,,
의창구,,
경상남도,,
창원시,,
진해구,,
24시간,,
경상남도,,
창원시,,
의창구,,
용호동 거리,,
창원시,,
의창구,,
명서동,,
경화동,,
진해구,,
경상남도,,
창원시,,
서상동,,
경화동,,
서상동,,
자은동,,
창원시,,
의창구,,
경상남도,,
창원시,,
진해구,,
석동,,
진해구청,,
용원,,
경상남도,,
창원시,,
1400여세대,,
의창구,,
경상남도 창원시,,
진해구,,
경상남도,,
창원시,,
진해구,,
소답동,,
자은동,,
경상남도,,
창원시,,
진해구,,
의창구,,
북면,,
충장로,,
중앙시장,,
창원시,,
의창구,,
교방동,,
경상남도,,
창원시,,
진해구,,
마산대학교,,
창원시,,
경상남도,,
창원시,,
중앙시장,,
성산구,,
진해구,,
덕산동,,
창원시,,
의창구,,
덕산동,,
창원시,,
의창구,,
경상남도,,
창원시,,
진해구,,
마산합포구,,
경화동,,
의창구,,
자은동,,
완월동,,
사화로,,
덕산로,,
냉천중,,
진해구,,
의창구,,
덕산로,,
냉천로,,
진해구,,
진해대로,,
경상남도,,
창원시,,
진해구,,
자비암,,
자은3교,,
6개월째,,
0.5미터,,
자은로,,
읍성로,,
마산회원2구역,,
냉천로,,
천자로,,
충장로,,
경상남도,,
창원시,,
진해구,,
병암로,,
경상남도,,
창원시,,
진해구,,
냉천로,,
창원,,
진해대로,,
진해구,,
병암로,,
봉곡동,,
진해구,,
충장로,,
병암로,,
석동,,
냉천로,,
의창구,,
동읍,,
해원로 사거리,,
소방로,,
석동로,,
수치도로,,
대죽동,,
속천항,,
자비암,,
창원시,,
진해구,,
의창구,,
풍호동,,
석동,,
덕산로,,
자은천,,
창원시,,
진해구,,
장천동,,
경상남도,,
장천동,,
자은동,,
냉천로,-18069,
대죽동,,
태평로,,
성산구,,
상남동,,
중앙동,,
천자로,,
고현,,
송도,,
양도,,
명서동,,
주말,,
아침,,
7시,,
성주동,,
만리들,,
토월천,,
창원시,,
신월동,,
신월로,,
3단지,,
구암남11길,,
구암남,,
1억미만,,
토월복합상가,,
경화동,,
해운동,,
장천동,,
지적도,,
청룡사,,
6월,,
"500,000원",,
2019년,,
자은동,,
사림동,,
신포동,,
테라스 공간,,
사파지구,,
먼동소류지,,
의창구,,
대원동,,
2개소,,
장흥,,
경남,,
아파트 113동,,
새마을사거리,,
이동택지사거리,,
의창구,,
창원시,,
일주일,,
6명이상,,
진해,,
창원시,,
중앙고 삼거리,,
신호등 제어기,,
의창구,,
창원,,
명서동,,
104동,,
2층,,
3분의1 이상,,
명곡광장,,
창원시,,
의창구,,
만리들사거리,,
용지호수,,
방울소리,,
대장동,,
자은동,,
진북산업로,,
공단로주유소,,
봉곡시장사거리,,
봉곡시장 사거리,,
창원지역,,
도계광장,,
삼거리,,
3년간,,
창원,,
용호동,,
용지호수,,
상업지구,,
용호동상업지구,,
경상남도,,
창원시,,
중동,,
진동면,,
진동리,,
3장,,
9시경,,
새벽,-19345,
진해구,,
진해대로,,
신이교,,
가음4구역,,
창원시,,
시루봉등산로,,
1년~2년,,
내리동,,
무역로,,
시청사거리,,
충장로,,
경화시장,,
사거리,,
진해구,,
의창구,,
자은동,,
경화시장,,
반지동,,
마산,,
댓거리,,
중앙대로,,
대산면,,
모산리,,
62,,
2018년 말,,
경남,,
창원시,,
돌리로,,
의창구,,
장미공원사거리,,
이동레포츠공원삼거리,,
중원로타리,,
창원시,,
경상남도 창원시 진해구,,
냉천로,,
중앙동,,
도계체육공원,,
교방동,,
교방1구역,,
1억,,
투기과열지구,,
경상남도 창원시 성산구,,
2020년,,
육구대학부지,,
진입로,,
3층,,
신이천 수변공원,,
편백로,,
진해탑,,
팔용동,,
냉천로,,
창원시,,
진해구,,
진희로 해안도로,,
경상남도 창원시 마산합포구,,
5인,,
이상,,
용호동,,
경상남도,,
아파트 2단지,,
장미공원,,
상업지구,,
원북잔여마을,,
의창동,,
창원시,,
의창구,,
시티세븐 사거리,,
중앙동,,
6월,,
북면,,
1층,,
상남상업지역,,-20433
의창구,,
창원천,,
충장로,,
염전사거리,,
창원천,,
창원시,,
충장로,,
창원,,
탐진강면사무소,,
진동리,,
남원로타리,,
상남상업지역,,
지해대로,,
진해우체국,,
충장로,,
진동면,,
마천,,
웅동,,
도계사거리,,
진해구,,
못안공원 입구,,
오전 9시 10분경,,
11%,,
지개남산간 도로,,
북면,,
화천교차로,,
봉곡로,,
경상남도,,
3층~10층까지,,
6월 5일,,
오전 10시~11시 사이,,
북면지역,,
평성일반산업단지,,
104만,,
통합 창원시,,
천광학교,,
창원롯데캐슬 아파트,,
행암로,,
죽곡항,,
마산회원구,,
방치로,,
풍호동,,
죽곡항구,,
경상남도,,
창원시,,
진해구,,
해양공원,,
창원시,,
중동,,
죽곡항구 도로변,,
태백파출소 삼거리,,
태백동 행정복지센터,,
경화시장,,
STX교차로,,
수변공원,,
가포 택지 지구,,
창원시장,,
북면지구,,
냉천중시내버스정류장,,
내곡리,,
냉천로,,
봉곡시장사거리,,
봉곡 사거리,,
창원시청 사거리,,
심산유곡사거리,,
냉천로,,
소답동 파리바게뜨,,
상남동,,
4월 17일,,
5월 17일,,
인접 삼거리,,
북면,,
성산구,,
투기 과열 지구,,
문화동4길,,
6층 창문,,
5층,,
4월 말쯤부터,,
가음기업사랑 공원,,
의창 소방서,,
금호온천,,
국도 79호선,,
월영동,,
토월동,,
비음로,,
중앙상가,,
개발제한구역,,
진해구,,
자은동,,
만리들 사거리,,
현동7길,,
북면,,
1단지,,
불종거리로,,
대산면,,
석교마을,,
봉곡동,,
동읍,,
1차 아파트 입구,,
냉천3교,,
5방향 교차로,,
교방동,,
21년 ~‘30년 의창구·성산구 재건축 주택공급 현황,,
중앙공원,,
중동,,
성산구,,
봉곡시장사거리,-22079,
태복산로,,
사화공원,,
용지호수,,
경상남도,,
창원시,,
진해구,,
임항선 그웨이공원,,
2개소,,
충장로,,
가음,,
의창구,,
남산동,,
신이2교 다리 난간,,
마창대교,,
팔룡터널,,
안민로,,
반림동,,
소계동,,
풍호공원,,
냉천3교 사거리,,
명동로,,
명동항,,
중동지구,,
안민동,,
6월,,
투과 지역,,
소답동,,
타이어샵,,
마산,,
봉림동주민센터,,
석동로,,
석동,,
봉곡시장,,
자은로,,
자은천,,
산호동,,
진해대로,,
7월 22일,,
투과해제,,
봉곡시장,,
경상남도,,
창원시,,
의창구,,
팔용동,,
봉림동,,
무동 초등학교 옆,,
가음근린공원,,
심산유곡 사거리,,
상남 상업지역,,
남흥장여관,,
창원터미널,,
2020년 5월,,
대방동,,
덕산휘트니스,,
8시,,
5인,,
정병산,,
진해 기적의 도서관 사거리,,
2021년 02월 06일,,
시청사거리,,
명곡로타리,,
심산유곡사거리,,
8월,,
가음8구역,,
대원3구역,-24958,
산39-1번지,,
감계리,,
233-2,,
파룬궁,,
명제로,,
삼포시내버스 정류장,,
어은교차로,,
중앙오션진해공장,,
상남동 상업지구,,
북면 지역,,
투과지구,,
금광로,,
진해구,,
의창구,,
봉곡시장 사거리,,
도계광장,,
태백파출소 삼거리,,
굴현고개,,
양덕4구역,,
양덕2동구역,,
대산면,,
단정로,,
풍호동,,
1정문,,
5게이트,,
의창구,,
진해구,,
성산구,,
북면 ,,
성진 까치 빌라트 3차,-26238,
성산구,,
가음정119안전센터,,
벚꽃마을 사거리,,
도계광장,,
예곡동,,
대방동성당,,
KEPCO-16-F14 대광테크윈 태양광발전소,,
만날지 육교,,
남양산지하철역,,
석산 인도교,,
대방노블랜드 5차아파트,,
"대방노블랜드 2,3차아파트",,
반도유보라6차 아파트,,
43년째,,
양덕,,
서창,,
덕계,,
개천,,
상가1층,,
양산경찰서,,
대방1차아파트,,
석산지구,,
아파트 사업시행계획,,
시명골,,
회야천,,
대방노블랜드1차아파트,,
신도시 2차 양우아파트,,
신포부두로,,
7월 7일,,
동서공원로,,
아이파크로,,
조각공원로,-27185,
가음정동,,
회야강,,
통학로,,
사곡삼거리,,
4차,,
하청면,,
대곡리,,
상동,,
고현동,,
산16 번지,,
삽량로,,
삽량교,,
대로3-9호선,,
옥포 성안로,,
범어로,,
4륜 오토바이,,
아주동,,
아주2,,
4개,,
주택 4층,,
대동다숲,,
일운면,,
소동리,,
양산시,,
산달도중마을,,
양정,,
아이파크1차,,
녹산공산,,
갈전운동장,,
건강증진센터 2층 건물,,
웅상,,
웅상서창지역,,
서창지역,,
남양산2차 e편한세상 아파트,,
반도5차아파트,,
101호,,
금정산,,
고당봉,,
투기과열지구 지정,,
투기과열지구 해제,,
유산공단 10길,,
"잔도 5차, 6차",,
실버산학단지,,
산학협력단지,,
3~4년,,
금산훼미리아파트,,
아이파크2차,,
거제면,,
옥산리,,
거제오션파크자이 아파트,,
근린 공원,,
근린공원,,
양우내안에6차아파트,,
장평로3길,,
장평로1길,,
증산역,,
성산구,,
제동마을,,
중앙동,,
고현 서희 스타힐스센트럴,,
2년,,
동아위드필하임아파트,,
용지문화공원,,
율림지역,,
올 11월 말까지,,
옆,,
산134번지,,
3km,,
25개,,
용잠리,,
2동,,
상남동,,
덕산리,,
만날재 오르막,,
양덕북4길,,
합성옛길,,
오동동,,
이면도로,,
노산동,,
용원삼거리,,
2010년 12월 17일,,
13:10,,
남양동,,
창동 롯데리아,,
북면 지개,,
주민의 쉼터,,
25년 전,,
화천동,,
4/24일,,
4층건물,,
석동,,
진동,,
성주동,,
무동 초등학교 옆,,
칠원,,
내곡,,
창원교도소,,
마산합포구청,,
경화주공아파트,,
양덕 파출소,,
수출자유지역 후문,,
웰빙프라자사거리,,
조천북로,,
삼정그린코아 아파트 2단지,,
가음정주공,,
70평,,
30평,,
40평,,
마산,,
성산구,,
중앙동,,
용지사거리,,
의창동,,
향촌,,
물금읍,,
호포수관교,,
호포교,,
강변산책로,,
수질정화공원,,
양우내안애 1차아파트,,
가포동,,
범어 황전아파트 사거리,,
양산,,
대방 1차 아파트,,
양우내안애 1차 아파트,-28341,
양산시외버스터미널,,
덕계동,,
양산물금동일스위트,,
왕복 4차선 도로,,
대운산 도로,,
신포부두로,,
양산시,,
동면,,
석산리,,
이편한세상 2차,,
합포구,,
양산 대방노블랜드 1차 아파트,,
안민터널,,
중앙시장,,
LS0126,,
소계동,,
대마대교,,
용지주공,,
2단지,,
용호동,,
8월 말,,
누비자 터미널,,
30대,,
창원병원,,
진동교차로,,
임항선,,
회원천,,
동중사거리,,
마산합포구 안성아트빌라,,
명곡주공아파트,,
장유,,
장유 신도시,,
김해,,
부원동,,
대성사,,
진례농협,,
행곡리,,
신촌 띠아모레스토랑,,
창원시,,
합포구청,,
김해대로,,
내외동,,
금관대로,,
삼방동,,
안동육거리,,
밀양시,,
삼랑진읍,,
혜선암,,
한림면,,
밀양시 건축과,,
법흥리,,
봉하마을,,
진영 공설 운동장,,
주천강 수변공원,,
장유무계남명더라우아파트,,
내덕 서희스타힐스,,
내삼리 548-2번지,,
8월 25일,,
산내면,,
원서리,,
김해,,
진영,,
1 금융,,
금리,,
감분마을,,
대청천,,
행곡리,,
율하3동,,
삼계,,
신천리,,
김해시,,
서상동,,
이지더원5차아파트,,
사천시,,
정동면,,
사천읍,,
월성리 산4-5번지,,
생림면,,
생철리,,
성포마을,,
주촌면,,
Jul-96,,
내외동 대로,,
나밭고개,,
나밭고개 사거리,,
해반천,,
장유1동,,
장유2동,,
장유3동,,
인제대 대학로,,
삼문로43번길,,
의창구 도계동,,
외덕마을,,
장유대청계곡,,
한림면,,
신천리,,
내외동,,
삼안동,,
신천일반산업단지,,
신천,,
명동리,,
풍유2지구,,
외동 먹자골목,,
김해시,,
율하유적공원,,
율하동,,
주촌면,,
내삼리,,
원당교,-29157,
나전고개,,
경화동,,
오토오아시스 사거리,,
이동사거리,,
김해테크노벨리,,
경화동,,
이동사거리,,
통영시,,
북신동,,
해모로오션힐,,
전하로,,
국립공원 동부사무소,,
율하,,
법송일반산업단지,,
율하천,,
수로왕릉,,
연지공원역,,
진입로,,
동피랑,,
2길,,
09월 05일,,
119안전센터,,
삼문동,,
덕산아내 아파트,,
통영현대지역주택조합,,
10월 3일,,
진영,,
양정동,,
양우내안에3차아파트,,
현대아이파크2차아파트,,
해오름 마을 아이파크2차,,
아이파크2차아파트,,
옥포동,,
삼호동,,
대방노블랜드2차,,
양우내안애파크애비뉴,,
물금읍,,
수양동,,
양우내안에 2차 아파트,,
거제시,,
거제시청,,
부영신항,,
옥포동,,
중앙로,,
벽산e-솔렌스힐4차,,
우리시,,
장승포동,,
소동주택조합,,
양산경찰서,,
상동에서,,
장평으로,,
법면,,
장평4로2길,,
무학산,,
아이파크2차 아파트,,
양정동,,
가촌리,,
2차,,
웅상출장소,,
주진동,,
연초면,,
송정리,,
지난 1차 도장작업,,
벽산4차 공사,,
아주동,,
물금읍,,
가촌리,,
대방노블랜드6차,,
연초삼거리,,
아주동,,
덕진봄아파트,,
거제시,,
이주동,,
"1,2단지내",,
2층,,
8시 이전,,
고현동,,
산41-1번지,,
양우3차아파트,,
수월힐스테이트,,
수월천,,
양산신도시,,
남양산,,
석산리,,
상동,,
용산마을,,
10길,,
풍력발전단지,,
거제시,,
삼거동,,
웅상,,
남양,,
벽산3차 아파트,,
서창산업단지,,
마산야구장,,
용소,,
국지도,,
주자골,,
옥포,,
신기동,,
창원시,,
북안남1길,,
옥포동,,
사등면,,
사등리,,
이목리,,
증산,,
양우1차,,
덕계,,
물금읍,,
경남도,,
회야강,,
남양산역,,
12월 19일 화요일,,
석계2일반산업단지,,
진동면,,
진동리,,
명동댐,,
명동댐 건설,,
명동 명곡지구,,
양우 3차,,
벽산2차아파트,,
상동동 대동다숲,,
모델하우스 2동,,
32861,,
벽산 2차,,
농어촌관광휴양단지,,
상동,,
고현삼성생명,,
시청,,
장평동,,
용마빌라,,
단독주택단지,,
옥산저수지,,
물금읍,,
남흥아파트,,
자은본동사거리,,
석산리 478-21번지,,
장평 덕산아파트,,
고현 운동장,,
상동3지구,,
창원시,,
북면,,
감계,,
중앙역,,
남양동 창원중앙병원,,
한일2차아파트,,
성산구,,
동전산단,,
상남상업지역,,
가포 4통,,
장천동,,
신주거지,,
광암해수욕장,,
미더덕로,,
냉천로,,
회전교차로,,
부산,,
볼보로,,
팔용동,,
외 2필지,,
합성 2구역,,
대산면,,
진해구,,
창원마산야구장,,
감나무골,,
현동,,
축사 2동,,
팔룡동,,
월영동,,
진해장천한신휴플러스,,
구옥,,
밤7시 이후,,
성산구,,
안성,,
의곡,,
심산유곡사거리,,
해운초등학교,,
동읍삼거리,,
창원서부경찰서,,
자은3지구,,
냉천3교,,
봉암로,,
명제로,,
명동도선장,,
성주동,,
북면 5일장,,
동전일반산업단지,,
2018년,,
명제로,,
삼포노래비,,
냉천로,,
자은동,,
장복대로,,
경남,,
창원시,,
경상남도,,
창원,,
북면 신도시,,
성산구,,
신월동,,
"농장(#@주소#, 약5000평) 길이 없는 맹지",,
"과수원(#@주소#, 약5000평) 통행로",,
과수원 진입도로,,
기업사랑공원,,
대동디지털황토아파트,,
동전 사거리,,
의창구,,
봉곡시장,,
월영서3길,,
상남동,,
송학점,,
천자로,,
산복도로,,
신월2구재건축정비사업,,
웅천동,,
웅동1동,,
웅동2동,,
반지동,,
경남도청,,
함안군,,
장천동,,
한율부동산,,
용지아이파크,,
월영,,
창원,,
진해구 냉천로,,
용동근린공원,,
율곡마을,-31585,
북면,,
감계,,
명서동,,
의창구,,
9시 이후,,
북면5일장,,
5일장,,
5층,,
6월 말,,
중부,,
창원스포츠파크,,
자은 예인의 뜰 아파트,,
봉림동,,
경화동,,
상남동,,
진해구,,
창원시,,
6차선,,
원이 대로변,,
중앙동,,
용지사거리,,
진해루,,
2010년,,
용원삼거리,,
남산,,
천선단지,,
해운동,,
상복교차로,,
진해대로,,
3개 층 이하,,
감계 푸르지오,,
태복산,,
국도 79호선,,
굴현터널,,
감계/북창원 IC,,
감계 진입로,,
팔각정,,
진북면,,
연덕로,,
사파1구역,-32085,
충혼탑사거리,,
경화역,,
회성동,,
회성지구,,
마산,,
2016.09.07,,
9월 1일,,
공단로,,
창원역,,
진해구 이동 충장로445번길 11,,
 충장로445번길 11,,
자은2교,,
진해대로,,
중앙역 개발지구,,
문화광장,,
남부터미널,,
인곡리,,
가야 적재함,,
창원중앙역,,
힐스테이트 4차,,
행운공원,,
창원시청광장,,
안민동,,
2월,,
4개월,,
신월동,,
사림동,,
제동리,,
경화동,,
지개 남산 도로,,
3·15대로,,
창원스포츠파크,,
용지 아파트,,
웅남동,,
2공장,,
5게이트,,
옥산아파트,,
내곡지구,,
용강리,,
대성동,,
완암 사거리,,
북면,,
자은로,,
석전동1구역,,
국도 79호선,,
팔용 5일장,,
천자로,,
충장로,,
감계 5일장,,
창이대로,,
석전1지구,,
북면,,
감계,,
진해,,
팔룡장,,
국도79호선,,
동읍,,
주남저수지,,
이동로,,
자은3교,,
창이대로,,
북면 5일장,,
비음산 터널,,
합성동,,
태백동,,
가포,,
상남거리,,
남창원역 사거리,,
10일,,
북면,,
원복,,
새마을사거리,,
감계장,,
명동로,,
봉곡시장,,
무동,,
무동교차,,
교방동,,
가음정,,
2003년,,
1세대당,,
3평,,
성산구,,
1단지,,
북창원 ic,,
화천리,,
감계푸르지오,,
유니시티1단지,,
1단지,,
"3, 4단지",,
740-2,,
감계 회전교차로,,
회원5구역,,
용원삼거리,,
서희힐스테이트 아파트,,
1개월,,
300만원,,
제덕동,,
5년 이내 착공,,
의창구,,
팔용동,,
제2종 근린생활시설,,
북창원 IC,,
힐스테이트 1,,
감계지구,,
무동 일대,,
석전동,,
힐스테이트1차,,
북면온천,,
제2안민터널,,
6층 옥탑방,,
화영동,,
문화동,,
감계힐스테이트4차아파트,,
감계힐스테이트4차,,
감계힐스테이트 4차,,
감계리,,
내곡리,,
무동,,
달천계곡,,
신촌광장사거리,,
내곡,,
망곡리,,
대암산,,
고현지역,,
북면 외감리,,
마산 전 구역,,
내서농협 하나로마트,,
유니시티2단지,,
창원시,,
대방동,,
양덕2동,,
1월 2월,,
창원성심원,,
내곡슈퍼,,
1103-5,,
6년 전,,
100m,,
자은동,,
근린공원,,
유니시티 3단지 아파트,,
유니시티4단지,,
회성동,,
합성옛길,,
정화조,,
사화로1번길,,
삼정자 중학교,,
양우2차,,
양우내안에2차아파트,,
통영시,,
창원시,,
이격거리,,
이격 거리,,
내서읍,,
아주동,,
교방1구역,,
건축법 제35조,,
최소 h1800~h2000,,
창원시청,,
삼풍대공원,,
회성동,,
팔용터널,,
석전동,,
하나2호,,
유니시티 4단지,,
동전 산업 단지,,
경남창원,,
사량도,,
진해남명플럼빌리지,,
도시지역,,
진해구청,,
거제,,
창원시,,
일조등,,
진동면,,
아주,,
회성동,,
풍호동,,
공용 부분,,
신월2구역,,
내서읍,,
무동지역,,
무동1차주택조합,,
무동1차지역주택조합,,
무동1차 주택조합,,
입주 4년,,
용원지구,,
회원2구역,,
도계체육공원,,
다호리,,
농협사거리,,
중동지구,,
법송일반산단,,
송진포리,,
창원천다리,,
대원동,,
동원동 지역주택조합,,
쪽문,,
안민동,,
붙박이 가구,,
용원지구,,
창원시,,
토요일,,
고현 시청 뒤,,
4건,,
혼합 주택단지,,
의창구,,
경화구역,,
반성시장,,
사파정동,,
1가구,,
사파동성아파트,,
양우6아파트,,
1층 상가,,
2014년,,
입주율 74%,,
김해,,
마산,,
창원시,,
내서읍,-37577,
산남리,,
안민동,,
덕산아내1차,,
사파동,,
용지 아이파크,,
유니시티 2단지,,
용원동,,
1층,,
감계아내에코프리미엄 아파트,,
85B타입,,
2018년 6월,,
설계 시방서,,
삼동교차로,,
의창구청,,
2009년도,,
창원지법,,
양산 시청,,
5년간,,
회원2동,,
회원2동 주민센터,,
토월동,,
성원1차 아파트,,
운영 규정 제15조 제6항,,
양산낙동강교,,
창원농산물수출물류센터,,
2019년도,,
아스콘 공장,,
아스콘공장,,
성원2차아파트,,
한림면사무소,,
명동일반산업단지,,
2020년3월,,
양산반도유보라 5차,,
내곡2지구,,
제23조 제1항,,
디지털아파트,,
대암고,,
창원광장,,
창원 터널,,
대방그린빌,,
마산회원3구역,,
창원중앙 블루힐스오피스텔,,
외동반림로,,
신포동,,
1m,,
신월 1구역,,
마창대교,,
해당동,,
중심상업지역,,
경화동,,
신월2구역,,
근린생활시설,,
도정법,,
창원대로변,,
3년,,
진해제덕동지역주택조합,,
제덕조합아파트,,
창원 제덕 지역 주택조합,,
제덕동,,
상남동,,
투기과열지구,,
e편한세상옥포아파트,,
귀곡동,,
정동로,,
가음4구역,,
해원로,,
2층,,
신촌광장교차로,,
양산,,
양산시,,
정동사거리,,
신마산,,
양곡삼거리,,
창원 회원1구역,,
한화테크윈 2사업장,,
마산어시장,,
금일 6월 6일까지,,
2층,,
성주사역 사거리,,
남양산 지하철 역,,
작년 12월,,
가음정로,,
6월 입대의 회의,,
밀양시,,
상남시장,,
2020년 6월,,
제19조,,
물금,,
황산공원,,
상남동,,
양우 내안에 3차 센트럴,,
교방동,,
창원 시외버스 터미널,,
중동,,
옥포,,
한림면,,
토월성원5단지아파트,,
회원1구역,,
12/19일,,
39사개발사업,,
가포부영아파트,,
귀산동,,
신월1구역주택재건축정비사업,,
4320년 12월 14일,,
제덕동,,
무동1차지역주택조합아파트,,
무학자이아파트,,
20년,,
동대표,,
창원중앙블루힐스,,
창원교방1구역 재개발 조합,,
광암해수욕장,,
무동지역,,
양우 내안에 1차아파트,,
양우1차아파트,,
교방,,
서상동,,
마산 신항터널,,
신월1구역,,
신월동,,
1차 추가 부담금,,
상남동,,
용지포스코더샵,,
창원시,,
진해구,,
대천동,,
의창구 명서동,,
회원1구역,,
무동1차,,
경남,,
북창원ic,,
성산구청,,
3층,,
옥포지역,,
장목면,,
2015년,,
석전동,,
상남동,,
석정동,,
25호선,,
대원1구역,,
5.5㎡와 6.5㎡의 간판을 허가,,
2010년 8월,,
교방 1구역,,
재난 위험 지구,,
장승포동,,
애광원 앞,,
애광원,,
거제도,,
거제도 애광원,,
경남 100경,,
장승포항,,
장승포,,
석동우림필유아파트,,
창포리,,
성산구,,
죽전마을,,
창원,,
창원시,,
진해,,
진해구,,
의창구,,
남문시티프라디움1차,,
시티프라디움1차,,
4월 7일,,
안골일반산업단지,,
물금읍,,
양우내안 3차,,
"3,4단지",,
3,,
2단지,,
4단지,,
기존 1,,
2단지,,
동읍,,
남부동,,
양우내안에,,
창동공화국건물,,
감리 용역 업체,,
창원시,,
남양동,,
대방 5차,,
아스콘 공단,,
명동,,
명동산단,,
웅상지역,,
웅상도,,
아스콘산업단지,,
명동 산업단지,,
명동 산단,,
명동아스콘공장,,
명동산업단지,,
명동 아스콘 공장,,
아스콘공단,,
명동 아스콘 산업 공단,,
명동 아스콘 산업단지,,-42360
진해구청,,
벽산 2차 아파트,,
남양,,
회성동,,
토월대동아파트,,
우성아파트,,
2030 정비 예정 구역,,
구산동,,
가음주공아파트,,
지역조합주택아파트,,
구암2동,,
3층 건물,,
벽산2차,,
벽산 1차,,
벽산 2차,,
회원 1구역,,
회성동 지역주택조합,,
지역주택 조합 아파트,,
회성동 주민과 조합원,,
회성동 복합행정타운,,
행정복합타운,,
회성동주택조합아파트,,
지역주택조합 아파트,,
회성동,,
풍호지구,,
신촌메디컬빌딩,,
경화동,,
구산면,,
도시개발사업소,,
합포구,,
진북일반산업단지,,
다구1길,,
개발제한구역,,
누비자 터미널,,
안국사,,
세움터,,
도시재생지원센터,,
2020년,,
2021년,,
2022년,,
창원산업단지,,
의창구청,,
진해구,,
석동,,
용지로,,
회원동,,
추진위원회,,
마산합포구청,,
창원종합운동장,,
가포지구,,
진북면,,
2종 근린 생활시설,,
도계광장교차로,,
성산구청 사거리,,
창원터널,,
남양동,,
성산구,,
진해해양공원,,
회원구,,
내서읍,,
광려중학교,,
창원중앙역,,
죽곡2이란산업단지,,
사파지구,,
회원구,,
창원역,,
5000제곱미터 이하,,
제왕산,,
불빛공원,,
창원FC축구센터,,
보도블럭,,
의창구,,
엔지니어링센터,,
신월 2구역,,
웅동,,
웅천동,,
안청 초등학교,,
평화동,,
성주동,,
안골지구,,
성산구청,,
용원동,,
명지숲유치원,,
명서동,,
태평동,,
충북청주,,
의창구청,,
회원구,,
마산회원구,,
진해구청,,
스포츠센터,,
주택조합원 아파트,-44601,
성산구,,
신촌동,,
마산회원구청,,
덕산산업단지,,
의창구청,,
의창구,,
성산구,,
반월동,,
진해구,,
마산합포구청,,
회원구,,
회원2동,,
의창구청,,
의창구,,
성산구청,,
사파동,,
성산구,,
대방동,,
15층,,
용원동,,
창동,,
합포구청,,
대산면,,
장수암,,
구산해양관광단지,,
용호동,,
합성1동,,
창원시,,
의청구청,,
회성동,,
월남동,,
제황산동,,
동창원농협,,
산호동,,
진해구청,,
정월,,
대보름,,
회원구청,,
퇴촌동,,
3차,,
의창구청,,
자산동,,
도시첨단산업단지,,
자은동,,
마산교도소,,
사림동,,
동정동,,
남문동,,
감계,,
성산구청,,
창원시,,
의창구,,
성산구,,
문화동,,
중앙동,,
재가복지센터,,
제동지구,,
상남동,,
여좌동,,
안성,,
창원시청,,
성산구,,
합포구청,,
덕동화물차고지,,
창원보건소,,
A형,,
여좌지구,,
도계동,,
의창구청,,
가음정,,
남산1지구,,
의창구,,
성산구,,
15층 이하,,
공공청사,,
합포구,,
성호동,,
양덕2동,,
구암동,,
회원구,,
양덕동,,
불법행위 합동단속 상황실,,
중동,,
진전면,,
성산구,,
성산구청,,
동부초등학교,,
합포구청,,
남지동,,
남양동 사거리,,
마산,,
의장구,,
대산면,,
수정산업단지,,
봉곡동,,
회원구청,,
경관지구,,
5월,,
창원파티마병원,,
경화시장,,
죽곡산업단지,,
송림산장,,
산업단지,,
성산구,,
진해구청,,
두척동,,
마금산,,
창원중앙역세권,,
지역주택조합아파트,,
불법 행위 합동 단속 상황실,,
상남사거리,,
안골동,,
200미터,,
상남동,,
회원3구역,,
서상동,,
성산구청,,
상남동,,
대동중앙상가,,
창원대,,
창원대 동문,,
농로,,
가주로,,
현동,,
산호동,,
제덕동,,
LG전자 창원2공장,,
창동,,
내서읍,,
회원구,,
구 중리초등학교 부지,,
합포구청,,
신월동,,
창원중앙역,,
토월 복합상가,,
완월동,,
안민동,,
명서동,,
5층미만,,
내서스포츠센터,,
금호온천,,
성동조선부지,,
16층 이하,,
가술리,,
신월1지구,,
동전산업단지,,
가음정동,,
합성1구역,,
성산패총사거리,,
소답동,,
01월 03일,,
안골로,,
교방동,,
신감리,,
1500평 미만,,
구암동,,
진해구청,,
진북면,,
성산구,,
가음정동,,
태백동,,
회원구,,
회원1동,,
합포구청,,
신월동,,
의창구 팔용동,,
중원로,,
월영동,,
월영동주민센터,,
교방지구,,
명동종합상가 4층,,
용원동,,
냉천사거리,,
의창구,,
동읍,,
15층,,
봉암동,,
자율게시판,,
월영남로,,
성산구청,,
대원동,,
5가구 거주,,
3가구,,
2년 전,,
남창원농협 안민지점,,
일반산업단지,,
창원군,,
한ㄷ라,,
진해구 남문동,,
진해구청,,
합포구,,
공동 주택 모범 관리 단지,,
사파지구,,
상남동,,
창원시청 로터리,,
마산회원구,,
대산공단,,
회원구 봉암동,,
도금공장,,
신월동,,
어제 저녁,,
진해구,,
석동,,
성산구청,,
성산구,,
진동면,,
의창구,,
공작물(태양광발전소),,
팔용동,,
합포구,,
50년,,
북부동,,
성산구,,
도계동,,
양곡동,,
동보상가,,
회원동,,
운동장동문,,
중앙오거리,,
남문동,,
가주동,,
16층이하,,
1500평건물,,
봉암수원지,,
북면,,
내곡지구,,
주택임대사업자,,
합포구청,,
주택정책과,,
의창구,,
웅천동,,
15층,,
상남동,,
조선목욕탕조선여관,,
남창원농협,,
성산구청,,
개별공시지가,,
용원동,,
농협삼거리,,
의창구청,,
성산구,,
의창구청 건축허가과,,
개발행위허가,,
마산시,,
의창구청,,
성산구,,
합포구청,,
성산구,,
의창구,,
회원구,,
함안군,,
합포구,,
합포구청,,
회원구청,,
회성동,,
성산구,,
의창구신월,,
창원시 의창구신월,,
창신고등학교,,
한일합섬로터리,,
복지로,,
김해시,,
성산구청,,
구암동,,
구암중,,
3000평,,
도로변,,
팔용동,,
회원 3구역,,
회원 3구역 아파트,,
의창구관할,,
창원,,
회원동,,
의창구,,
옥계리,,
2014년,,
성산구,,
양덕동,,
합포구,,
마산합포구,,
상남시장,,
마산합포구 선거관리위원회,,
회원구,,
의창구,,
신월동,,
의창구,,
북면,,
천자봉,,
풍호장천지구,,
내서,,
15층 이하,,
성산구,,
대산면,,
해운동,,
여좌동,-52300,
의창구청,,
합포구,,
진북면,,
합포구청,,
성산구청,,
의창구청,,
지귀동,,
진해구,,
명서동,,
성산구,,
의창구,,
마산합포구,,
월영지구,,
완월지구,,
창원시청,,
남성동,,
계장,,
작전지역,,
회원구,,
석전파출소,,
의창구,,
의창구청,,
성산구,,
마산회원구청,,
남지동,,
안골동,,
합포구,,
진해구청,,
상남동,,
진해,,
용원,,
의창구,,
16층,,
평산로,,
구암동,,
상복일반산업단지,,
성산구,,
중앙동,,
반림동,,
마천동,,
내서읍,,
합성동,,
합포구,,
성산구,,
대방동,,
700만원,,
도시개발 사업소,,
속천동,,
교방동,,
두대동,,
공동주택분쟁위원회,,
성산구,,
신촌동,,
의창구,,
진해구,,
사파동,,
20년쯤 전,,
봉암동,,
성산구,,
남원로터리,,
여명로19,,
2~3주,,
1종근린생활시설,,
보안등,,
15층이하건물,,
구산면,,
마전리,,
내동상가,,
석전동,,
국가산업단지,,
석동,,
창원대로,,
안골동,,
마산 엠호텔,,
덕동,,
웅동쪽,,
도금공단,,
웅천교회,,
1500평,,
용원동,,
봉암동,,
창원공단조성,,
마산예식장,,
산지전용구역,,
창원수목원,,
창원자동차매매단지,,
남양동,,
삼성디지털프라자 자은점,,
용원터널,,
서상동,,
속천동,,
1단지,,
15층 미만,,
용지동,,
대산면,,
제덕리,,
진해구 대발령 만남의광장,,
합성동,,
진해구 여좌동,,
의창구 동읍 본포리,,
121-2,,
양덕동 롯데마트,,
둘렛길,,
팔각정,,
회원구,,
구암동,,
천주산,,
창원시,,
충장로466,,
대야로,,
 교방1구역,,
 중동,,
성산구,,
중앙동,,
창원시,,
의창구 용호동,,
98년도,,
경상남도,,
교방1구역,,
1500평 이하,,
성산구,,
사파동,,
합포구 건물,,
소사동,,
봉암동,,
